  Determining projects to restore...
C:\Users\Alon-TUF\Desktop\WIP\SimpleBackup\SimpleBackup.csproj : warning NU1504: Duplicate 'PackageReference' items found. Remove the duplicate items or use the Update functionality to ensure a consistent restore behavior. The duplicate 'PackageReference' items are: BepInEx.PluginInfoProps 1.*, BepInEx.PluginInfoProps 1.*.
  All projects are up-to-date for restore.
C:\Users\Alon-TUF\Desktop\WIP\SimpleBackup\SimpleBackup.csproj : warning NU1504: Duplicate 'PackageReference' items found. Remove the duplicate items or use the Update functionality to ensure a consistent restore behavior. The duplicate 'PackageReference' items are: BepInEx.PluginInfoProps 1.*, BepInEx.PluginInfoProps 1.*.
C:\Program Files\dotnet\sdk\8.0.419\Microsoft.Common.CurrentVersion.targets(2412,5): warning MSB3277: Found conflicts between different versions of "netstandard" that could not be resolved. [C:\Users\Alon-TUF\Desktop\WIP\SimpleBackup\SimpleBackup.csproj]
C:\Program Files\dotnet\sdk\8.0.419\Microsoft.Common.CurrentVersion.targets(2412,5): warning MSB3277: There was a conflict between "netstandard, Version=2.0.0.0, Culture=neutral, PublicKeyToken=cc7b13ffcd2ddd51" and "netstandard, Version=2.1.0.0, Culture=neutral, PublicKeyToken=cc7b13ffcd2ddd51". [C:\Users\Alon-TUF\Desktop\WIP\SimpleBackup\SimpleBackup.csproj]
C:\Program Files\dotnet\sdk\8.0.419\Microsoft.Common.CurrentVersion.targets(2412,5): warning MSB3277:     "netstandard, Version=2.0.0.0, Culture=neutral, PublicKeyToken=cc7b13ffcd2ddd51" was chosen because it was primary and "netstandard, Version=2.1.0.0, Culture=neutral, PublicKeyToken=cc7b13ffcd2ddd51" was not. [C:\Users\Alon-TUF\Desktop\WIP\SimpleBackup\SimpleBackup.csproj]
C:\Program Files\dotnet\sdk\8.0.419\Microsoft.Common.CurrentVersion.targets(2412,5): warning MSB3277:     References which depend on "netstandard, Version=2.0.0.0, Culture=neutral, PublicKeyToken=cc7b13ffcd2ddd51" [C:\Program Files\dotnet\sdk\8.0.419\Microsoft\Microsoft.NET.Build.Extensions\net461\lib\netstandard.dll]. [C:\Users\Alon-TUF\Desktop\WIP\SimpleBackup\SimpleBackup.csproj]
C:\Program Files\dotnet\sdk\8.0.419\Microsoft.Common.CurrentVersion.targets(2412,5): warning MSB3277:         C:\Program Files\dotnet\sdk\8.0.419\Microsoft\Microsoft.NET.Build.Extensions\net461\lib\netstandard.dll [C:\Users\Alon-TUF\Desktop\WIP\SimpleBackup\SimpleBackup.csproj]
C:\Program Files\dotnet\sdk\8.0.419\Microsoft.Common.CurrentVersion.targets(2412,5): warning MSB3277:           Project file item includes which caused reference "C:\Program Files\dotnet\sdk\8.0.419\Microsoft\Microsoft.NET.Build.Extensions\net461\lib\netstandard.dll". [C:\Users\Alon-TUF\Desktop\WIP\SimpleBackup\SimpleBackup.csproj]
C:\Program Files\dotnet\sdk\8.0.419\Microsoft.Common.CurrentVersion.targets(2412,5): warning MSB3277:             netstandard [C:\Users\Alon-TUF\Desktop\WIP\SimpleBackup\SimpleBackup.csproj]
C:\Program Files\dotnet\sdk\8.0.419\Microsoft.Common.CurrentVersion.targets(2412,5): warning MSB3277:     References which depend on or have been unified to "netstandard, Version=2.1.0.0, Culture=neutral, PublicKeyToken=cc7b13ffcd2ddd51" [C:\Program Files (x86)\Steam\steamapps\common\Valheim\valheim_Data\Managed\netstandard.dll]. [C:\Users\Alon-TUF\Desktop\WIP\SimpleBackup\SimpleBackup.csproj]
C:\Program Files\dotnet\sdk\8.0.419\Microsoft.Common.CurrentVersion.targets(2412,5): warning MSB3277:         C:\Program Files (x86)\Steam\steamapps\common\Valheim\valheim_Data\Managed\UnityEngine.dll [C:\Users\Alon-TUF\Desktop\WIP\SimpleBackup\SimpleBackup.csproj]
C:\Program Files\dotnet\sdk\8.0.419\Microsoft.Common.CurrentVersion.targets(2412,5): warning MSB3277:           Project file item includes which caused reference "C:\Program Files (x86)\Steam\steamapps\common\Valheim\valheim_Data\Managed\UnityEngine.dll". [C:\Users\Alon-TUF\Desktop\WIP\SimpleBackup\SimpleBackup.csproj]
C:\Program Files\dotnet\sdk\8.0.419\Microsoft.Common.CurrentVersion.targets(2412,5): warning MSB3277:             UnityEngine [C:\Users\Alon-TUF\Desktop\WIP\SimpleBackup\SimpleBackup.csproj]
C:\Program Files\dotnet\sdk\8.0.419\Microsoft.Common.CurrentVersion.targets(2412,5): warning MSB3277:         C:\Program Files (x86)\Steam\steamapps\common\Valheim\valheim_Data\Managed\UnityEngine.CoreModule.dll [C:\Users\Alon-TUF\Desktop\WIP\SimpleBackup\SimpleBackup.csproj]
C:\Program Files\dotnet\sdk\8.0.419\Microsoft.Common.CurrentVersion.targets(2412,5): warning MSB3277:           Project file item includes which caused reference "C:\Program Files (x86)\Steam\steamapps\common\Valheim\valheim_Data\Managed\UnityEngine.CoreModule.dll". [C:\Users\Alon-TUF\Desktop\WIP\SimpleBackup\SimpleBackup.csproj]
C:\Program Files\dotnet\sdk\8.0.419\Microsoft.Common.CurrentVersion.targets(2412,5): warning MSB3277:             UnityEngine.CoreModule [C:\Users\Alon-TUF\Desktop\WIP\SimpleBackup\SimpleBackup.csproj]
C:\Program Files\dotnet\sdk\8.0.419\Microsoft.Common.CurrentVersion.targets(2412,5): warning MSB3277:             assembly_valheim [C:\Users\Alon-TUF\Desktop\WIP\SimpleBackup\SimpleBackup.csproj]
C:\Program Files\dotnet\sdk\8.0.419\Microsoft.Common.CurrentVersion.targets(2412,5): warning MSB3277:             assembly_guiutils [C:\Users\Alon-TUF\Desktop\WIP\SimpleBackup\SimpleBackup.csproj]
C:\Program Files\dotnet\sdk\8.0.419\Microsoft.Common.CurrentVersion.targets(2412,5): warning MSB3277:             UnityEngine [C:\Users\Alon-TUF\Desktop\WIP\SimpleBackup\SimpleBackup.csproj]
C:\Program Files\dotnet\sdk\8.0.419\Microsoft.Common.CurrentVersion.targets(2412,5): warning MSB3277:             UnityEngine.UI [C:\Users\Alon-TUF\Desktop\WIP\SimpleBackup\SimpleBackup.csproj]
C:\Program Files\dotnet\sdk\8.0.419\Microsoft.Common.CurrentVersion.targets(2412,5): warning MSB3277:         C:\Program Files\dotnet\sdk\8.0.419\Microsoft\Microsoft.NET.Build.Extensions\net461\lib\Microsoft.Win32.Primitives.dll [C:\Users\Alon-TUF\Desktop\WIP\SimpleBackup\SimpleBackup.csproj]
C:\Program Files\dotnet\sdk\8.0.419\Microsoft.Common.CurrentVersion.targets(2412,5): warning MSB3277:           Project file item includes which caused reference "C:\Program Files\dotnet\sdk\8.0.419\Microsoft\Microsoft.NET.Build.Extensions\net461\lib\Microsoft.Win32.Primitives.dll". [C:\Users\Alon-TUF\Desktop\WIP\SimpleBackup\SimpleBackup.csproj]
C:\Program Files\dotnet\sdk\8.0.419\Microsoft.Common.CurrentVersion.targets(2412,5): warning MSB3277:             Microsoft.Win32.Primitives [C:\Users\Alon-TUF\Desktop\WIP\SimpleBackup\SimpleBackup.csproj]
C:\Program Files\dotnet\sdk\8.0.419\Microsoft.Common.CurrentVersion.targets(2412,5): warning MSB3277:         C:\Program Files\dotnet\sdk\8.0.419\Microsoft\Microsoft.NET.Build.Extensions\net461\lib\System.AppContext.dll [C:\Users\Alon-TUF\Desktop\WIP\SimpleBackup\SimpleBackup.csproj]
C:\Program Files\dotnet\sdk\8.0.419\Microsoft.Common.CurrentVersion.targets(2412,5): warning MSB3277:           Project file item includes which caused reference "C:\Program Files\dotnet\sdk\8.0.419\Microsoft\Microsoft.NET.Build.Extensions\net461\lib\System.AppContext.dll". [C:\Users\Alon-TUF\Desktop\WIP\SimpleBackup\SimpleBackup.csproj]
C:\Program Files\dotnet\sdk\8.0.419\Microsoft.Common.CurrentVersion.targets(2412,5): warning MSB3277:             System.AppContext [C:\Users\Alon-TUF\Desktop\WIP\SimpleBackup\SimpleBackup.csproj]
C:\Program Files\dotnet\sdk\8.0.419\Microsoft.Common.CurrentVersion.targets(2412,5): warning MSB3277:         C:\Program Files\dotnet\sdk\8.0.419\Microsoft\Microsoft.NET.Build.Extensions\net461\lib\System.Collections.Concurrent.dll [C:\Users\Alon-TUF\Desktop\WIP\SimpleBackup\SimpleBackup.csproj]
C:\Program Files\dotnet\sdk\8.0.419\Microsoft.Common.CurrentVersion.targets(2412,5): warning MSB3277:           Project file item includes which caused reference "C:\Program Files\dotnet\sdk\8.0.419\Microsoft\Microsoft.NET.Build.Extensions\net461\lib\System.Collections.Concurrent.dll". [C:\Users\Alon-TUF\Desktop\WIP\SimpleBackup\SimpleBackup.csproj]
C:\Program Files\dotnet\sdk\8.0.419\Microsoft.Common.CurrentVersion.targets(2412,5): warning MSB3277:             System.Collections.Concurrent [C:\Users\Alon-TUF\Desktop\WIP\SimpleBackup\SimpleBackup.csproj]
C:\Program Files\dotnet\sdk\8.0.419\Microsoft.Common.CurrentVersion.targets(2412,5): warning MSB3277:             netfx.force.conflicts [C:\Users\Alon-TUF\Desktop\WIP\SimpleBackup\SimpleBackup.csproj]
C:\Program Files\dotnet\sdk\8.0.419\Microsoft.Common.CurrentVersion.targets(2412,5): warning MSB3277:         C:\Program Files\dotnet\sdk\8.0.419\Microsoft\Microsoft.NET.Build.Extensions\net461\lib\System.Collections.dll [C:\Users\Alon-TUF\Desktop\WIP\SimpleBackup\SimpleBackup.csproj]
C:\Program Files\dotnet\sdk\8.0.419\Microsoft.Common.CurrentVersion.targets(2412,5): warning MSB3277:           Project file item includes which caused reference "C:\Program Files\dotnet\sdk\8.0.419\Microsoft\Microsoft.NET.Build.Extensions\net461\lib\System.Collections.dll". [C:\Users\Alon-TUF\Desktop\WIP\SimpleBackup\SimpleBackup.csproj]
C:\Program Files\dotnet\sdk\8.0.419\Microsoft.Common.CurrentVersion.targets(2412,5): warning MSB3277:             System.Collections [C:\Users\Alon-TUF\Desktop\WIP\SimpleBackup\SimpleBackup.csproj]
C:\Program Files\dotnet\sdk\8.0.419\Microsoft.Common.CurrentVersion.targets(2412,5): warning MSB3277:             netfx.force.conflicts [C:\Users\Alon-TUF\Desktop\WIP\SimpleBackup\SimpleBackup.csproj]
C:\Program Files\dotnet\sdk\8.0.419\Microsoft.Common.CurrentVersion.targets(2412,5): warning MSB3277:         C:\Program Files\dotnet\sdk\8.0.419\Microsoft\Microsoft.NET.Build.Extensions\net461\lib\System.Collections.NonGeneric.dll [C:\Users\Alon-TUF\Desktop\WIP\SimpleBackup\SimpleBackup.csproj]
C:\Program Files\dotnet\sdk\8.0.419\Microsoft.Common.CurrentVersion.targets(2412,5): warning MSB3277:           Project file item includes which caused reference "C:\Program Files\dotnet\sdk\8.0.419\Microsoft\Microsoft.NET.Build.Extensions\net461\lib\System.Collections.NonGeneric.dll". [C:\Users\Alon-TUF\Desktop\WIP\SimpleBackup\SimpleBackup.csproj]
C:\Program Files\dotnet\sdk\8.0.419\Microsoft.Common.CurrentVersion.targets(2412,5): warning MSB3277:             System.Collections.NonGeneric [C:\Users\Alon-TUF\Desktop\WIP\SimpleBackup\SimpleBackup.csproj]
C:\Program Files\dotnet\sdk\8.0.419\Microsoft.Common.CurrentVersion.targets(2412,5): warning MSB3277:         C:\Program Files\dotnet\sdk\8.0.419\Microsoft\Microsoft.NET.Build.Extensions\net461\lib\System.Collections.Specialized.dll [C:\Users\Alon-TUF\Desktop\WIP\SimpleBackup\SimpleBackup.csproj]
C:\Program Files\dotnet\sdk\8.0.419\Microsoft.Common.CurrentVersion.targets(2412,5): warning MSB3277:           Project file item includes which caused reference "C:\Program Files\dotnet\sdk\8.0.419\Microsoft\Microsoft.NET.Build.Extensions\net461\lib\System.Collections.Specialized.dll". [C:\Users\Alon-TUF\Desktop\WIP\SimpleBackup\SimpleBackup.csproj]
C:\Program Files\dotnet\sdk\8.0.419\Microsoft.Common.CurrentVersion.targets(2412,5): warning MSB3277:             System.Collections.Specialized [C:\Users\Alon-TUF\Desktop\WIP\SimpleBackup\SimpleBackup.csproj]
C:\Program Files\dotnet\sdk\8.0.419\Microsoft.Common.CurrentVersion.targets(2412,5): warning MSB3277:         C:\Program Files\dotnet\sdk\8.0.419\Microsoft\Microsoft.NET.Build.Extensions\net461\lib\System.ComponentModel.dll [C:\Users\Alon-TUF\Desktop\WIP\SimpleBackup\SimpleBackup.csproj]
C:\Program Files\dotnet\sdk\8.0.419\Microsoft.Common.CurrentVersion.targets(2412,5): warning MSB3277:           Project file item includes which caused reference "C:\Program Files\dotnet\sdk\8.0.419\Microsoft\Microsoft.NET.Build.Extensions\net461\lib\System.ComponentModel.dll". [C:\Users\Alon-TUF\Desktop\WIP\SimpleBackup\SimpleBackup.csproj]
C:\Program Files\dotnet\sdk\8.0.419\Microsoft.Common.CurrentVersion.targets(2412,5): warning MSB3277:             System.ComponentModel [C:\Users\Alon-TUF\Desktop\WIP\SimpleBackup\SimpleBackup.csproj]
C:\Program Files\dotnet\sdk\8.0.419\Microsoft.Common.CurrentVersion.targets(2412,5): warning MSB3277:             netfx.force.conflicts [C:\Users\Alon-TUF\Desktop\WIP\SimpleBackup\SimpleBackup.csproj]
C:\Program Files\dotnet\sdk\8.0.419\Microsoft.Common.CurrentVersion.targets(2412,5): warning MSB3277:         C:\Program Files\dotnet\sdk\8.0.419\Microsoft\Microsoft.NET.Build.Extensions\net461\lib\System.ComponentModel.EventBasedAsync.dll [C:\Users\Alon-TUF\Desktop\WIP\SimpleBackup\SimpleBackup.csproj]
C:\Program Files\dotnet\sdk\8.0.419\Microsoft.Common.CurrentVersion.targets(2412,5): warning MSB3277:           Project file item includes which caused reference "C:\Program Files\dotnet\sdk\8.0.419\Microsoft\Microsoft.NET.Build.Extensions\net461\lib\System.ComponentModel.EventBasedAsync.dll". [C:\Users\Alon-TUF\Desktop\WIP\SimpleBackup\SimpleBackup.csproj]
C:\Program Files\dotnet\sdk\8.0.419\Microsoft.Common.CurrentVersion.targets(2412,5): warning MSB3277:             System.ComponentModel.EventBasedAsync [C:\Users\Alon-TUF\Desktop\WIP\SimpleBackup\SimpleBackup.csproj]
C:\Program Files\dotnet\sdk\8.0.419\Microsoft.Common.CurrentVersion.targets(2412,5): warning MSB3277:             netfx.force.conflicts [C:\Users\Alon-TUF\Desktop\WIP\SimpleBackup\SimpleBackup.csproj]
C:\Program Files\dotnet\sdk\8.0.419\Microsoft.Common.CurrentVersion.targets(2412,5): warning MSB3277:         C:\Program Files\dotnet\sdk\8.0.419\Microsoft\Microsoft.NET.Build.Extensions\net461\lib\System.ComponentModel.Primitives.dll [C:\Users\Alon-TUF\Desktop\WIP\SimpleBackup\SimpleBackup.csproj]
C:\Program Files\dotnet\sdk\8.0.419\Microsoft.Common.CurrentVersion.targets(2412,5): warning MSB3277:           Project file item includes which caused reference "C:\Program Files\dotnet\sdk\8.0.419\Microsoft\Microsoft.NET.Build.Extensions\net461\lib\System.ComponentModel.Primitives.dll". [C:\Users\Alon-TUF\Desktop\WIP\SimpleBackup\SimpleBackup.csproj]
C:\Program Files\dotnet\sdk\8.0.419\Microsoft.Common.CurrentVersion.targets(2412,5): warning MSB3277:             System.ComponentModel.Primitives [C:\Users\Alon-TUF\Desktop\WIP\SimpleBackup\SimpleBackup.csproj]
C:\Program Files\dotnet\sdk\8.0.419\Microsoft.Common.CurrentVersion.targets(2412,5): warning MSB3277:         C:\Program Files\dotnet\sdk\8.0.419\Microsoft\Microsoft.NET.Build.Extensions\net461\lib\System.ComponentModel.TypeConverter.dll [C:\Users\Alon-TUF\Desktop\WIP\SimpleBackup\SimpleBackup.csproj]
C:\Program Files\dotnet\sdk\8.0.419\Microsoft.Common.CurrentVersion.targets(2412,5): warning MSB3277:           Project file item includes which caused reference "C:\Program Files\dotnet\sdk\8.0.419\Microsoft\Microsoft.NET.Build.Extensions\net461\lib\System.ComponentModel.TypeConverter.dll". [C:\Users\Alon-TUF\Desktop\WIP\SimpleBackup\SimpleBackup.csproj]
C:\Program Files\dotnet\sdk\8.0.419\Microsoft.Common.CurrentVersion.targets(2412,5): warning MSB3277:             System.ComponentModel.TypeConverter [C:\Users\Alon-TUF\Desktop\WIP\SimpleBackup\SimpleBackup.csproj]
C:\Program Files\dotnet\sdk\8.0.419\Microsoft.Common.CurrentVersion.targets(2412,5): warning MSB3277:         C:\Program Files\dotnet\sdk\8.0.419\Microsoft\Microsoft.NET.Build.Extensions\net461\lib\System.Console.dll [C:\Users\Alon-TUF\Desktop\WIP\SimpleBackup\SimpleBackup.csproj]
C:\Program Files\dotnet\sdk\8.0.419\Microsoft.Common.CurrentVersion.targets(2412,5): warning MSB3277:           Project file item includes which caused reference "C:\Program Files\dotnet\sdk\8.0.419\Microsoft\Microsoft.NET.Build.Extensions\net461\lib\System.Console.dll". [C:\Users\Alon-TUF\Desktop\WIP\SimpleBackup\SimpleBackup.csproj]
C:\Program Files\dotnet\sdk\8.0.419\Microsoft.Common.CurrentVersion.targets(2412,5): warning MSB3277:             System.Console [C:\Users\Alon-TUF\Desktop\WIP\SimpleBackup\SimpleBackup.csproj]
C:\Program Files\dotnet\sdk\8.0.419\Microsoft.Common.CurrentVersion.targets(2412,5): warning MSB3277:         C:\Program Files\dotnet\sdk\8.0.419\Microsoft\Microsoft.NET.Build.Extensions\net461\lib\System.Diagnostics.Contracts.dll [C:\Users\Alon-TUF\Desktop\WIP\SimpleBackup\SimpleBackup.csproj]
C:\Program Files\dotnet\sdk\8.0.419\Microsoft.Common.CurrentVersion.targets(2412,5): warning MSB3277:           Project file item includes which caused reference "C:\Program Files\dotnet\sdk\8.0.419\Microsoft\Microsoft.NET.Build.Extensions\net461\lib\System.Diagnostics.Contracts.dll". [C:\Users\Alon-TUF\Desktop\WIP\SimpleBackup\SimpleBackup.csproj]
C:\Program Files\dotnet\sdk\8.0.419\Microsoft.Common.CurrentVersion.targets(2412,5): warning MSB3277:             System.Diagnostics.Contracts [C:\Users\Alon-TUF\Desktop\WIP\SimpleBackup\SimpleBackup.csproj]
C:\Program Files\dotnet\sdk\8.0.419\Microsoft.Common.CurrentVersion.targets(2412,5): warning MSB3277:             netfx.force.conflicts [C:\Users\Alon-TUF\Desktop\WIP\SimpleBackup\SimpleBackup.csproj]
C:\Program Files\dotnet\sdk\8.0.419\Microsoft.Common.CurrentVersion.targets(2412,5): warning MSB3277:         C:\Program Files\dotnet\sdk\8.0.419\Microsoft\Microsoft.NET.Build.Extensions\net461\lib\System.Diagnostics.Debug.dll [C:\Users\Alon-TUF\Desktop\WIP\SimpleBackup\SimpleBackup.csproj]
C:\Program Files\dotnet\sdk\8.0.419\Microsoft.Common.CurrentVersion.targets(2412,5): warning MSB3277:           Project file item includes which caused reference "C:\Program Files\dotnet\sdk\8.0.419\Microsoft\Microsoft.NET.Build.Extensions\net461\lib\System.Diagnostics.Debug.dll". [C:\Users\Alon-TUF\Desktop\WIP\SimpleBackup\SimpleBackup.csproj]
C:\Program Files\dotnet\sdk\8.0.419\Microsoft.Common.CurrentVersion.targets(2412,5): warning MSB3277:             System.Diagnostics.Debug [C:\Users\Alon-TUF\Desktop\WIP\SimpleBackup\SimpleBackup.csproj]
C:\Program Files\dotnet\sdk\8.0.419\Microsoft.Common.CurrentVersion.targets(2412,5): warning MSB3277:             netfx.force.conflicts [C:\Users\Alon-TUF\Desktop\WIP\SimpleBackup\SimpleBackup.csproj]
C:\Program Files\dotnet\sdk\8.0.419\Microsoft.Common.CurrentVersion.targets(2412,5): warning MSB3277:         C:\Program Files\dotnet\sdk\8.0.419\Microsoft\Microsoft.NET.Build.Extensions\net461\lib\System.Diagnostics.FileVersionInfo.dll [C:\Users\Alon-TUF\Desktop\WIP\SimpleBackup\SimpleBackup.csproj]
C:\Program Files\dotnet\sdk\8.0.419\Microsoft.Common.CurrentVersion.targets(2412,5): warning MSB3277:           Project file item includes which caused reference "C:\Program Files\dotnet\sdk\8.0.419\Microsoft\Microsoft.NET.Build.Extensions\net461\lib\System.Diagnostics.FileVersionInfo.dll". [C:\Users\Alon-TUF\Desktop\WIP\SimpleBackup\SimpleBackup.csproj]
C:\Program Files\dotnet\sdk\8.0.419\Microsoft.Common.CurrentVersion.targets(2412,5): warning MSB3277:             System.Diagnostics.FileVersionInfo [C:\Users\Alon-TUF\Desktop\WIP\SimpleBackup\SimpleBackup.csproj]
C:\Program Files\dotnet\sdk\8.0.419\Microsoft.Common.CurrentVersion.targets(2412,5): warning MSB3277:         C:\Program Files\dotnet\sdk\8.0.419\Microsoft\Microsoft.NET.Build.Extensions\net461\lib\System.Diagnostics.Process.dll [C:\Users\Alon-TUF\Desktop\WIP\SimpleBackup\SimpleBackup.csproj]
C:\Program Files\dotnet\sdk\8.0.419\Microsoft.Common.CurrentVersion.targets(2412,5): warning MSB3277:           Project file item includes which caused reference "C:\Program Files\dotnet\sdk\8.0.419\Microsoft\Microsoft.NET.Build.Extensions\net461\lib\System.Diagnostics.Process.dll". [C:\Users\Alon-TUF\Desktop\WIP\SimpleBackup\SimpleBackup.csproj]
C:\Program Files\dotnet\sdk\8.0.419\Microsoft.Common.CurrentVersion.targets(2412,5): warning MSB3277:             System.Diagnostics.Process [C:\Users\Alon-TUF\Desktop\WIP\SimpleBackup\SimpleBackup.csproj]
C:\Program Files\dotnet\sdk\8.0.419\Microsoft.Common.CurrentVersion.targets(2412,5): warning MSB3277:         C:\Program Files\dotnet\sdk\8.0.419\Microsoft\Microsoft.NET.Build.Extensions\net461\lib\System.Diagnostics.TextWriterTraceListener.dll [C:\Users\Alon-TUF\Desktop\WIP\SimpleBackup\SimpleBackup.csproj]
C:\Program Files\dotnet\sdk\8.0.419\Microsoft.Common.CurrentVersion.targets(2412,5): warning MSB3277:           Project file item includes which caused reference "C:\Program Files\dotnet\sdk\8.0.419\Microsoft\Microsoft.NET.Build.Extensions\net461\lib\System.Diagnostics.TextWriterTraceListener.dll". [C:\Users\Alon-TUF\Desktop\WIP\SimpleBackup\SimpleBackup.csproj]
C:\Program Files\dotnet\sdk\8.0.419\Microsoft.Common.CurrentVersion.targets(2412,5): warning MSB3277:             System.Diagnostics.TextWriterTraceListener [C:\Users\Alon-TUF\Desktop\WIP\SimpleBackup\SimpleBackup.csproj]
C:\Program Files\dotnet\sdk\8.0.419\Microsoft.Common.CurrentVersion.targets(2412,5): warning MSB3277:         C:\Program Files\dotnet\sdk\8.0.419\Microsoft\Microsoft.NET.Build.Extensions\net461\lib\System.Diagnostics.Tools.dll [C:\Users\Alon-TUF\Desktop\WIP\SimpleBackup\SimpleBackup.csproj]
C:\Program Files\dotnet\sdk\8.0.419\Microsoft.Common.CurrentVersion.targets(2412,5): warning MSB3277:           Project file item includes which caused reference "C:\Program Files\dotnet\sdk\8.0.419\Microsoft\Microsoft.NET.Build.Extensions\net461\lib\System.Diagnostics.Tools.dll". [C:\Users\Alon-TUF\Desktop\WIP\SimpleBackup\SimpleBackup.csproj]
C:\Program Files\dotnet\sdk\8.0.419\Microsoft.Common.CurrentVersion.targets(2412,5): warning MSB3277:             System.Diagnostics.Tools [C:\Users\Alon-TUF\Desktop\WIP\SimpleBackup\SimpleBackup.csproj]
C:\Program Files\dotnet\sdk\8.0.419\Microsoft.Common.CurrentVersion.targets(2412,5): warning MSB3277:             netfx.force.conflicts [C:\Users\Alon-TUF\Desktop\WIP\SimpleBackup\SimpleBackup.csproj]
C:\Program Files\dotnet\sdk\8.0.419\Microsoft.Common.CurrentVersion.targets(2412,5): warning MSB3277:         C:\Program Files\dotnet\sdk\8.0.419\Microsoft\Microsoft.NET.Build.Extensions\net461\lib\System.Diagnostics.TraceSource.dll [C:\Users\Alon-TUF\Desktop\WIP\SimpleBackup\SimpleBackup.csproj]
C:\Program Files\dotnet\sdk\8.0.419\Microsoft.Common.CurrentVersion.targets(2412,5): warning MSB3277:           Project file item includes which caused reference "C:\Program Files\dotnet\sdk\8.0.419\Microsoft\Microsoft.NET.Build.Extensions\net461\lib\System.Diagnostics.TraceSource.dll". [C:\Users\Alon-TUF\Desktop\WIP\SimpleBackup\SimpleBackup.csproj]
C:\Program Files\dotnet\sdk\8.0.419\Microsoft.Common.CurrentVersion.targets(2412,5): warning MSB3277:             System.Diagnostics.TraceSource [C:\Users\Alon-TUF\Desktop\WIP\SimpleBackup\SimpleBackup.csproj]
C:\Program Files\dotnet\sdk\8.0.419\Microsoft.Common.CurrentVersion.targets(2412,5): warning MSB3277:         C:\Program Files\dotnet\sdk\8.0.419\Microsoft\Microsoft.NET.Build.Extensions\net461\lib\System.Drawing.Primitives.dll [C:\Users\Alon-TUF\Desktop\WIP\SimpleBackup\SimpleBackup.csproj]
C:\Program Files\dotnet\sdk\8.0.419\Microsoft.Common.CurrentVersion.targets(2412,5): warning MSB3277:           Project file item includes which caused reference "C:\Program Files\dotnet\sdk\8.0.419\Microsoft\Microsoft.NET.Build.Extensions\net461\lib\System.Drawing.Primitives.dll". [C:\Users\Alon-TUF\Desktop\WIP\SimpleBackup\SimpleBackup.csproj]
C:\Program Files\dotnet\sdk\8.0.419\Microsoft.Common.CurrentVersion.targets(2412,5): warning MSB3277:             System.Drawing.Primitives [C:\Users\Alon-TUF\Desktop\WIP\SimpleBackup\SimpleBackup.csproj]
C:\Program Files\dotnet\sdk\8.0.419\Microsoft.Common.CurrentVersion.targets(2412,5): warning MSB3277:         C:\Program Files\dotnet\sdk\8.0.419\Microsoft\Microsoft.NET.Build.Extensions\net461\lib\System.Dynamic.Runtime.dll [C:\Users\Alon-TUF\Desktop\WIP\SimpleBackup\SimpleBackup.csproj]
C:\Program Files\dotnet\sdk\8.0.419\Microsoft.Common.CurrentVersion.targets(2412,5): warning MSB3277:           Project file item includes which caused reference "C:\Program Files\dotnet\sdk\8.0.419\Microsoft\Microsoft.NET.Build.Extensions\net461\lib\System.Dynamic.Runtime.dll". [C:\Users\Alon-TUF\Desktop\WIP\SimpleBackup\SimpleBackup.csproj]
C:\Program Files\dotnet\sdk\8.0.419\Microsoft.Common.CurrentVersion.targets(2412,5): warning MSB3277:             System.Dynamic.Runtime [C:\Users\Alon-TUF\Desktop\WIP\SimpleBackup\SimpleBackup.csproj]
C:\Program Files\dotnet\sdk\8.0.419\Microsoft.Common.CurrentVersion.targets(2412,5): warning MSB3277:             netfx.force.conflicts [C:\Users\Alon-TUF\Desktop\WIP\SimpleBackup\SimpleBackup.csproj]
C:\Program Files\dotnet\sdk\8.0.419\Microsoft.Common.CurrentVersion.targets(2412,5): warning MSB3277:         C:\Program Files\dotnet\sdk\8.0.419\Microsoft\Microsoft.NET.Build.Extensions\net461\lib\System.Globalization.Calendars.dll [C:\Users\Alon-TUF\Desktop\WIP\SimpleBackup\SimpleBackup.csproj]
C:\Program Files\dotnet\sdk\8.0.419\Microsoft.Common.CurrentVersion.targets(2412,5): warning MSB3277:           Project file item includes which caused reference "C:\Program Files\dotnet\sdk\8.0.419\Microsoft\Microsoft.NET.Build.Extensions\net461\lib\System.Globalization.Calendars.dll". [C:\Users\Alon-TUF\Desktop\WIP\SimpleBackup\SimpleBackup.csproj]
C:\Program Files\dotnet\sdk\8.0.419\Microsoft.Common.CurrentVersion.targets(2412,5): warning MSB3277:             System.Globalization.Calendars [C:\Users\Alon-TUF\Desktop\WIP\SimpleBackup\SimpleBackup.csproj]
C:\Program Files\dotnet\sdk\8.0.419\Microsoft.Common.CurrentVersion.targets(2412,5): warning MSB3277:         C:\Program Files\dotnet\sdk\8.0.419\Microsoft\Microsoft.NET.Build.Extensions\net461\lib\System.Globalization.dll [C:\Users\Alon-TUF\Desktop\WIP\SimpleBackup\SimpleBackup.csproj]
C:\Program Files\dotnet\sdk\8.0.419\Microsoft.Common.CurrentVersion.targets(2412,5): warning MSB3277:           Project file item includes which caused reference "C:\Program Files\dotnet\sdk\8.0.419\Microsoft\Microsoft.NET.Build.Extensions\net461\lib\System.Globalization.dll". [C:\Users\Alon-TUF\Desktop\WIP\SimpleBackup\SimpleBackup.csproj]
C:\Program Files\dotnet\sdk\8.0.419\Microsoft.Common.CurrentVersion.targets(2412,5): warning MSB3277:             System.Globalization [C:\Users\Alon-TUF\Desktop\WIP\SimpleBackup\SimpleBackup.csproj]
C:\Program Files\dotnet\sdk\8.0.419\Microsoft.Common.CurrentVersion.targets(2412,5): warning MSB3277:             netfx.force.conflicts [C:\Users\Alon-TUF\Desktop\WIP\SimpleBackup\SimpleBackup.csproj]
C:\Program Files\dotnet\sdk\8.0.419\Microsoft.Common.CurrentVersion.targets(2412,5): warning MSB3277:         C:\Program Files\dotnet\sdk\8.0.419\Microsoft\Microsoft.NET.Build.Extensions\net461\lib\System.IO.Compression.ZipFile.dll [C:\Users\Alon-TUF\Desktop\WIP\SimpleBackup\SimpleBackup.csproj]
C:\Program Files\dotnet\sdk\8.0.419\Microsoft.Common.CurrentVersion.targets(2412,5): warning MSB3277:           Project file item includes which caused reference "C:\Program Files\dotnet\sdk\8.0.419\Microsoft\Microsoft.NET.Build.Extensions\net461\lib\System.IO.Compression.ZipFile.dll". [C:\Users\Alon-TUF\Desktop\WIP\SimpleBackup\SimpleBackup.csproj]
C:\Program Files\dotnet\sdk\8.0.419\Microsoft.Common.CurrentVersion.targets(2412,5): warning MSB3277:             System.IO.Compression.ZipFile [C:\Users\Alon-TUF\Desktop\WIP\SimpleBackup\SimpleBackup.csproj]
C:\Program Files\dotnet\sdk\8.0.419\Microsoft.Common.CurrentVersion.targets(2412,5): warning MSB3277:         C:\Program Files\dotnet\sdk\8.0.419\Microsoft\Microsoft.NET.Build.Extensions\net461\lib\System.IO.dll [C:\Users\Alon-TUF\Desktop\WIP\SimpleBackup\SimpleBackup.csproj]
C:\Program Files\dotnet\sdk\8.0.419\Microsoft.Common.CurrentVersion.targets(2412,5): warning MSB3277:           Project file item includes which caused reference "C:\Program Files\dotnet\sdk\8.0.419\Microsoft\Microsoft.NET.Build.Extensions\net461\lib\System.IO.dll". [C:\Users\Alon-TUF\Desktop\WIP\SimpleBackup\SimpleBackup.csproj]
C:\Program Files\dotnet\sdk\8.0.419\Microsoft.Common.CurrentVersion.targets(2412,5): warning MSB3277:             System.IO [C:\Users\Alon-TUF\Desktop\WIP\SimpleBackup\SimpleBackup.csproj]
C:\Program Files\dotnet\sdk\8.0.419\Microsoft.Common.CurrentVersion.targets(2412,5): warning MSB3277:             netfx.force.conflicts [C:\Users\Alon-TUF\Desktop\WIP\SimpleBackup\SimpleBackup.csproj]
C:\Program Files\dotnet\sdk\8.0.419\Microsoft.Common.CurrentVersion.targets(2412,5): warning MSB3277:         C:\Program Files\dotnet\sdk\8.0.419\Microsoft\Microsoft.NET.Build.Extensions\net461\lib\System.IO.FileSystem.dll [C:\Users\Alon-TUF\Desktop\WIP\SimpleBackup\SimpleBackup.csproj]
C:\Program Files\dotnet\sdk\8.0.419\Microsoft.Common.CurrentVersion.targets(2412,5): warning MSB3277:           Project file item includes which caused reference "C:\Program Files\dotnet\sdk\8.0.419\Microsoft\Microsoft.NET.Build.Extensions\net461\lib\System.IO.FileSystem.dll". [C:\Users\Alon-TUF\Desktop\WIP\SimpleBackup\SimpleBackup.csproj]
C:\Program Files\dotnet\sdk\8.0.419\Microsoft.Common.CurrentVersion.targets(2412,5): warning MSB3277:             System.IO.FileSystem [C:\Users\Alon-TUF\Desktop\WIP\SimpleBackup\SimpleBackup.csproj]
C:\Program Files\dotnet\sdk\8.0.419\Microsoft.Common.CurrentVersion.targets(2412,5): warning MSB3277:         C:\Program Files\dotnet\sdk\8.0.419\Microsoft\Microsoft.NET.Build.Extensions\net461\lib\System.IO.FileSystem.DriveInfo.dll [C:\Users\Alon-TUF\Desktop\WIP\SimpleBackup\SimpleBackup.csproj]
C:\Program Files\dotnet\sdk\8.0.419\Microsoft.Common.CurrentVersion.targets(2412,5): warning MSB3277:           Project file item includes which caused reference "C:\Program Files\dotnet\sdk\8.0.419\Microsoft\Microsoft.NET.Build.Extensions\net461\lib\System.IO.FileSystem.DriveInfo.dll". [C:\Users\Alon-TUF\Desktop\WIP\SimpleBackup\SimpleBackup.csproj]
C:\Program Files\dotnet\sdk\8.0.419\Microsoft.Common.CurrentVersion.targets(2412,5): warning MSB3277:             System.IO.FileSystem.DriveInfo [C:\Users\Alon-TUF\Desktop\WIP\SimpleBackup\SimpleBackup.csproj]
C:\Program Files\dotnet\sdk\8.0.419\Microsoft.Common.CurrentVersion.targets(2412,5): warning MSB3277:         C:\Program Files\dotnet\sdk\8.0.419\Microsoft\Microsoft.NET.Build.Extensions\net461\lib\System.IO.FileSystem.Primitives.dll [C:\Users\Alon-TUF\Desktop\WIP\SimpleBackup\SimpleBackup.csproj]
C:\Program Files\dotnet\sdk\8.0.419\Microsoft.Common.CurrentVersion.targets(2412,5): warning MSB3277:           Project file item includes which caused reference "C:\Program Files\dotnet\sdk\8.0.419\Microsoft\Microsoft.NET.Build.Extensions\net461\lib\System.IO.FileSystem.Primitives.dll". [C:\Users\Alon-TUF\Desktop\WIP\SimpleBackup\SimpleBackup.csproj]
C:\Program Files\dotnet\sdk\8.0.419\Microsoft.Common.CurrentVersion.targets(2412,5): warning MSB3277:             System.IO.FileSystem.Primitives [C:\Users\Alon-TUF\Desktop\WIP\SimpleBackup\SimpleBackup.csproj]
C:\Program Files\dotnet\sdk\8.0.419\Microsoft.Common.CurrentVersion.targets(2412,5): warning MSB3277:         C:\Program Files\dotnet\sdk\8.0.419\Microsoft\Microsoft.NET.Build.Extensions\net461\lib\System.IO.FileSystem.Watcher.dll [C:\Users\Alon-TUF\Desktop\WIP\SimpleBackup\SimpleBackup.csproj]
C:\Program Files\dotnet\sdk\8.0.419\Microsoft.Common.CurrentVersion.targets(2412,5): warning MSB3277:           Project file item includes which caused reference "C:\Program Files\dotnet\sdk\8.0.419\Microsoft\Microsoft.NET.Build.Extensions\net461\lib\System.IO.FileSystem.Watcher.dll". [C:\Users\Alon-TUF\Desktop\WIP\SimpleBackup\SimpleBackup.csproj]
C:\Program Files\dotnet\sdk\8.0.419\Microsoft.Common.CurrentVersion.targets(2412,5): warning MSB3277:             System.IO.FileSystem.Watcher [C:\Users\Alon-TUF\Desktop\WIP\SimpleBackup\SimpleBackup.csproj]
C:\Program Files\dotnet\sdk\8.0.419\Microsoft.Common.CurrentVersion.targets(2412,5): warning MSB3277:         C:\Program Files\dotnet\sdk\8.0.419\Microsoft\Microsoft.NET.Build.Extensions\net461\lib\System.IO.IsolatedStorage.dll [C:\Users\Alon-TUF\Desktop\WIP\SimpleBackup\SimpleBackup.csproj]
C:\Program Files\dotnet\sdk\8.0.419\Microsoft.Common.CurrentVersion.targets(2412,5): warning MSB3277:           Project file item includes which caused reference "C:\Program Files\dotnet\sdk\8.0.419\Microsoft\Microsoft.NET.Build.Extensions\net461\lib\System.IO.IsolatedStorage.dll". [C:\Users\Alon-TUF\Desktop\WIP\SimpleBackup\SimpleBackup.csproj]
C:\Program Files\dotnet\sdk\8.0.419\Microsoft.Common.CurrentVersion.targets(2412,5): warning MSB3277:             System.IO.IsolatedStorage [C:\Users\Alon-TUF\Desktop\WIP\SimpleBackup\SimpleBackup.csproj]
C:\Program Files\dotnet\sdk\8.0.419\Microsoft.Common.CurrentVersion.targets(2412,5): warning MSB3277:         C:\Program Files\dotnet\sdk\8.0.419\Microsoft\Microsoft.NET.Build.Extensions\net461\lib\System.IO.MemoryMappedFiles.dll [C:\Users\Alon-TUF\Desktop\WIP\SimpleBackup\SimpleBackup.csproj]
C:\Program Files\dotnet\sdk\8.0.419\Microsoft.Common.CurrentVersion.targets(2412,5): warning MSB3277:           Project file item includes which caused reference "C:\Program Files\dotnet\sdk\8.0.419\Microsoft\Microsoft.NET.Build.Extensions\net461\lib\System.IO.MemoryMappedFiles.dll". [C:\Users\Alon-TUF\Desktop\WIP\SimpleBackup\SimpleBackup.csproj]
C:\Program Files\dotnet\sdk\8.0.419\Microsoft.Common.CurrentVersion.targets(2412,5): warning MSB3277:             System.IO.MemoryMappedFiles [C:\Users\Alon-TUF\Desktop\WIP\SimpleBackup\SimpleBackup.csproj]
C:\Program Files\dotnet\sdk\8.0.419\Microsoft.Common.CurrentVersion.targets(2412,5): warning MSB3277:         C:\Program Files\dotnet\sdk\8.0.419\Microsoft\Microsoft.NET.Build.Extensions\net461\lib\System.IO.Pipes.dll [C:\Users\Alon-TUF\Desktop\WIP\SimpleBackup\SimpleBackup.csproj]
C:\Program Files\dotnet\sdk\8.0.419\Microsoft.Common.CurrentVersion.targets(2412,5): warning MSB3277:           Project file item includes which caused reference "C:\Program Files\dotnet\sdk\8.0.419\Microsoft\Microsoft.NET.Build.Extensions\net461\lib\System.IO.Pipes.dll". [C:\Users\Alon-TUF\Desktop\WIP\SimpleBackup\SimpleBackup.csproj]
C:\Program Files\dotnet\sdk\8.0.419\Microsoft.Common.CurrentVersion.targets(2412,5): warning MSB3277:             System.IO.Pipes [C:\Users\Alon-TUF\Desktop\WIP\SimpleBackup\SimpleBackup.csproj]
C:\Program Files\dotnet\sdk\8.0.419\Microsoft.Common.CurrentVersion.targets(2412,5): warning MSB3277:         C:\Program Files\dotnet\sdk\8.0.419\Microsoft\Microsoft.NET.Build.Extensions\net461\lib\System.IO.UnmanagedMemoryStream.dll [C:\Users\Alon-TUF\Desktop\WIP\SimpleBackup\SimpleBackup.csproj]
C:\Program Files\dotnet\sdk\8.0.419\Microsoft.Common.CurrentVersion.targets(2412,5): warning MSB3277:           Project file item includes which caused reference "C:\Program Files\dotnet\sdk\8.0.419\Microsoft\Microsoft.NET.Build.Extensions\net461\lib\System.IO.UnmanagedMemoryStream.dll". [C:\Users\Alon-TUF\Desktop\WIP\SimpleBackup\SimpleBackup.csproj]
C:\Program Files\dotnet\sdk\8.0.419\Microsoft.Common.CurrentVersion.targets(2412,5): warning MSB3277:             System.IO.UnmanagedMemoryStream [C:\Users\Alon-TUF\Desktop\WIP\SimpleBackup\SimpleBackup.csproj]
C:\Program Files\dotnet\sdk\8.0.419\Microsoft.Common.CurrentVersion.targets(2412,5): warning MSB3277:         C:\Program Files\dotnet\sdk\8.0.419\Microsoft\Microsoft.NET.Build.Extensions\net461\lib\System.Linq.dll [C:\Users\Alon-TUF\Desktop\WIP\SimpleBackup\SimpleBackup.csproj]
C:\Program Files\dotnet\sdk\8.0.419\Microsoft.Common.CurrentVersion.targets(2412,5): warning MSB3277:           Project file item includes which caused reference "C:\Program Files\dotnet\sdk\8.0.419\Microsoft\Microsoft.NET.Build.Extensions\net461\lib\System.Linq.dll". [C:\Users\Alon-TUF\Desktop\WIP\SimpleBackup\SimpleBackup.csproj]
C:\Program Files\dotnet\sdk\8.0.419\Microsoft.Common.CurrentVersion.targets(2412,5): warning MSB3277:             System.Linq [C:\Users\Alon-TUF\Desktop\WIP\SimpleBackup\SimpleBackup.csproj]
C:\Program Files\dotnet\sdk\8.0.419\Microsoft.Common.CurrentVersion.targets(2412,5): warning MSB3277:             netfx.force.conflicts [C:\Users\Alon-TUF\Desktop\WIP\SimpleBackup\SimpleBackup.csproj]
C:\Program Files\dotnet\sdk\8.0.419\Microsoft.Common.CurrentVersion.targets(2412,5): warning MSB3277:         C:\Program Files\dotnet\sdk\8.0.419\Microsoft\Microsoft.NET.Build.Extensions\net461\lib\System.Linq.Expressions.dll [C:\Users\Alon-TUF\Desktop\WIP\SimpleBackup\SimpleBackup.csproj]
C:\Program Files\dotnet\sdk\8.0.419\Microsoft.Common.CurrentVersion.targets(2412,5): warning MSB3277:           Project file item includes which caused reference "C:\Program Files\dotnet\sdk\8.0.419\Microsoft\Microsoft.NET.Build.Extensions\net461\lib\System.Linq.Expressions.dll". [C:\Users\Alon-TUF\Desktop\WIP\SimpleBackup\SimpleBackup.csproj]
C:\Program Files\dotnet\sdk\8.0.419\Microsoft.Common.CurrentVersion.targets(2412,5): warning MSB3277:             System.Linq.Expressions [C:\Users\Alon-TUF\Desktop\WIP\SimpleBackup\SimpleBackup.csproj]
C:\Program Files\dotnet\sdk\8.0.419\Microsoft.Common.CurrentVersion.targets(2412,5): warning MSB3277:             netfx.force.conflicts [C:\Users\Alon-TUF\Desktop\WIP\SimpleBackup\SimpleBackup.csproj]
C:\Program Files\dotnet\sdk\8.0.419\Microsoft.Common.CurrentVersion.targets(2412,5): warning MSB3277:         C:\Program Files\dotnet\sdk\8.0.419\Microsoft\Microsoft.NET.Build.Extensions\net461\lib\System.Linq.Parallel.dll [C:\Users\Alon-TUF\Desktop\WIP\SimpleBackup\SimpleBackup.csproj]
C:\Program Files\dotnet\sdk\8.0.419\Microsoft.Common.CurrentVersion.targets(2412,5): warning MSB3277:           Project file item includes which caused reference "C:\Program Files\dotnet\sdk\8.0.419\Microsoft\Microsoft.NET.Build.Extensions\net461\lib\System.Linq.Parallel.dll". [C:\Users\Alon-TUF\Desktop\WIP\SimpleBackup\SimpleBackup.csproj]
C:\Program Files\dotnet\sdk\8.0.419\Microsoft.Common.CurrentVersion.targets(2412,5): warning MSB3277:             System.Linq.Parallel [C:\Users\Alon-TUF\Desktop\WIP\SimpleBackup\SimpleBackup.csproj]
C:\Program Files\dotnet\sdk\8.0.419\Microsoft.Common.CurrentVersion.targets(2412,5): warning MSB3277:             netfx.force.conflicts [C:\Users\Alon-TUF\Desktop\WIP\SimpleBackup\SimpleBackup.csproj]
C:\Program Files\dotnet\sdk\8.0.419\Microsoft.Common.CurrentVersion.targets(2412,5): warning MSB3277:         C:\Program Files\dotnet\sdk\8.0.419\Microsoft\Microsoft.NET.Build.Extensions\net461\lib\System.Linq.Queryable.dll [C:\Users\Alon-TUF\Desktop\WIP\SimpleBackup\SimpleBackup.csproj]
C:\Program Files\dotnet\sdk\8.0.419\Microsoft.Common.CurrentVersion.targets(2412,5): warning MSB3277:           Project file item includes which caused reference "C:\Program Files\dotnet\sdk\8.0.419\Microsoft\Microsoft.NET.Build.Extensions\net461\lib\System.Linq.Queryable.dll". [C:\Users\Alon-TUF\Desktop\WIP\SimpleBackup\SimpleBackup.csproj]
C:\Program Files\dotnet\sdk\8.0.419\Microsoft.Common.CurrentVersion.targets(2412,5): warning MSB3277:             System.Linq.Queryable [C:\Users\Alon-TUF\Desktop\WIP\SimpleBackup\SimpleBackup.csproj]
C:\Program Files\dotnet\sdk\8.0.419\Microsoft.Common.CurrentVersion.targets(2412,5): warning MSB3277:             netfx.force.conflicts [C:\Users\Alon-TUF\Desktop\WIP\SimpleBackup\SimpleBackup.csproj]
C:\Program Files\dotnet\sdk\8.0.419\Microsoft.Common.CurrentVersion.targets(2412,5): warning MSB3277:         C:\Program Files\dotnet\sdk\8.0.419\Microsoft\Microsoft.NET.Build.Extensions\net461\lib\System.Net.NameResolution.dll [C:\Users\Alon-TUF\Desktop\WIP\SimpleBackup\SimpleBackup.csproj]
C:\Program Files\dotnet\sdk\8.0.419\Microsoft.Common.CurrentVersion.targets(2412,5): warning MSB3277:           Project file item includes which caused reference "C:\Program Files\dotnet\sdk\8.0.419\Microsoft\Microsoft.NET.Build.Extensions\net461\lib\System.Net.NameResolution.dll". [C:\Users\Alon-TUF\Desktop\WIP\SimpleBackup\SimpleBackup.csproj]
C:\Program Files\dotnet\sdk\8.0.419\Microsoft.Common.CurrentVersion.targets(2412,5): warning MSB3277:             System.Net.NameResolution [C:\Users\Alon-TUF\Desktop\WIP\SimpleBackup\SimpleBackup.csproj]
C:\Program Files\dotnet\sdk\8.0.419\Microsoft.Common.CurrentVersion.targets(2412,5): warning MSB3277:         C:\Program Files\dotnet\sdk\8.0.419\Microsoft\Microsoft.NET.Build.Extensions\net461\lib\System.Net.NetworkInformation.dll [C:\Users\Alon-TUF\Desktop\WIP\SimpleBackup\SimpleBackup.csproj]
C:\Program Files\dotnet\sdk\8.0.419\Microsoft.Common.CurrentVersion.targets(2412,5): warning MSB3277:           Project file item includes which caused reference "C:\Program Files\dotnet\sdk\8.0.419\Microsoft\Microsoft.NET.Build.Extensions\net461\lib\System.Net.NetworkInformation.dll". [C:\Users\Alon-TUF\Desktop\WIP\SimpleBackup\SimpleBackup.csproj]
C:\Program Files\dotnet\sdk\8.0.419\Microsoft.Common.CurrentVersion.targets(2412,5): warning MSB3277:             System.Net.NetworkInformation [C:\Users\Alon-TUF\Desktop\WIP\SimpleBackup\SimpleBackup.csproj]
C:\Program Files\dotnet\sdk\8.0.419\Microsoft.Common.CurrentVersion.targets(2412,5): warning MSB3277:             netfx.force.conflicts [C:\Users\Alon-TUF\Desktop\WIP\SimpleBackup\SimpleBackup.csproj]
C:\Program Files\dotnet\sdk\8.0.419\Microsoft.Common.CurrentVersion.targets(2412,5): warning MSB3277:         C:\Program Files\dotnet\sdk\8.0.419\Microsoft\Microsoft.NET.Build.Extensions\net461\lib\System.Net.Ping.dll [C:\Users\Alon-TUF\Desktop\WIP\SimpleBackup\SimpleBackup.csproj]
C:\Program Files\dotnet\sdk\8.0.419\Microsoft.Common.CurrentVersion.targets(2412,5): warning MSB3277:           Project file item includes which caused reference "C:\Program Files\dotnet\sdk\8.0.419\Microsoft\Microsoft.NET.Build.Extensions\net461\lib\System.Net.Ping.dll". [C:\Users\Alon-TUF\Desktop\WIP\SimpleBackup\SimpleBackup.csproj]
C:\Program Files\dotnet\sdk\8.0.419\Microsoft.Common.CurrentVersion.targets(2412,5): warning MSB3277:             System.Net.Ping [C:\Users\Alon-TUF\Desktop\WIP\SimpleBackup\SimpleBackup.csproj]
C:\Program Files\dotnet\sdk\8.0.419\Microsoft.Common.CurrentVersion.targets(2412,5): warning MSB3277:         C:\Program Files\dotnet\sdk\8.0.419\Microsoft\Microsoft.NET.Build.Extensions\net461\lib\System.Net.Primitives.dll [C:\Users\Alon-TUF\Desktop\WIP\SimpleBackup\SimpleBackup.csproj]
C:\Program Files\dotnet\sdk\8.0.419\Microsoft.Common.CurrentVersion.targets(2412,5): warning MSB3277:           Project file item includes which caused reference "C:\Program Files\dotnet\sdk\8.0.419\Microsoft\Microsoft.NET.Build.Extensions\net461\lib\System.Net.Primitives.dll". [C:\Users\Alon-TUF\Desktop\WIP\SimpleBackup\SimpleBackup.csproj]
C:\Program Files\dotnet\sdk\8.0.419\Microsoft.Common.CurrentVersion.targets(2412,5): warning MSB3277:             System.Net.Primitives [C:\Users\Alon-TUF\Desktop\WIP\SimpleBackup\SimpleBackup.csproj]
C:\Program Files\dotnet\sdk\8.0.419\Microsoft.Common.CurrentVersion.targets(2412,5): warning MSB3277:             netfx.force.conflicts [C:\Users\Alon-TUF\Desktop\WIP\SimpleBackup\SimpleBackup.csproj]
C:\Program Files\dotnet\sdk\8.0.419\Microsoft.Common.CurrentVersion.targets(2412,5): warning MSB3277:         C:\Program Files\dotnet\sdk\8.0.419\Microsoft\Microsoft.NET.Build.Extensions\net461\lib\System.Net.Requests.dll [C:\Users\Alon-TUF\Desktop\WIP\SimpleBackup\SimpleBackup.csproj]
C:\Program Files\dotnet\sdk\8.0.419\Microsoft.Common.CurrentVersion.targets(2412,5): warning MSB3277:           Project file item includes which caused reference "C:\Program Files\dotnet\sdk\8.0.419\Microsoft\Microsoft.NET.Build.Extensions\net461\lib\System.Net.Requests.dll". [C:\Users\Alon-TUF\Desktop\WIP\SimpleBackup\SimpleBackup.csproj]
C:\Program Files\dotnet\sdk\8.0.419\Microsoft.Common.CurrentVersion.targets(2412,5): warning MSB3277:             System.Net.Requests [C:\Users\Alon-TUF\Desktop\WIP\SimpleBackup\SimpleBackup.csproj]
C:\Program Files\dotnet\sdk\8.0.419\Microsoft.Common.CurrentVersion.targets(2412,5): warning MSB3277:             netfx.force.conflicts [C:\Users\Alon-TUF\Desktop\WIP\SimpleBackup\SimpleBackup.csproj]
C:\Program Files\dotnet\sdk\8.0.419\Microsoft.Common.CurrentVersion.targets(2412,5): warning MSB3277:         C:\Program Files\dotnet\sdk\8.0.419\Microsoft\Microsoft.NET.Build.Extensions\net461\lib\System.Net.Security.dll [C:\Users\Alon-TUF\Desktop\WIP\SimpleBackup\SimpleBackup.csproj]
C:\Program Files\dotnet\sdk\8.0.419\Microsoft.Common.CurrentVersion.targets(2412,5): warning MSB3277:           Project file item includes which caused reference "C:\Program Files\dotnet\sdk\8.0.419\Microsoft\Microsoft.NET.Build.Extensions\net461\lib\System.Net.Security.dll". [C:\Users\Alon-TUF\Desktop\WIP\SimpleBackup\SimpleBackup.csproj]
C:\Program Files\dotnet\sdk\8.0.419\Microsoft.Common.CurrentVersion.targets(2412,5): warning MSB3277:             System.Net.Security [C:\Users\Alon-TUF\Desktop\WIP\SimpleBackup\SimpleBackup.csproj]
C:\Program Files\dotnet\sdk\8.0.419\Microsoft.Common.CurrentVersion.targets(2412,5): warning MSB3277:         C:\Program Files\dotnet\sdk\8.0.419\Microsoft\Microsoft.NET.Build.Extensions\net461\lib\System.Net.WebHeaderCollection.dll [C:\Users\Alon-TUF\Desktop\WIP\SimpleBackup\SimpleBackup.csproj]
C:\Program Files\dotnet\sdk\8.0.419\Microsoft.Common.CurrentVersion.targets(2412,5): warning MSB3277:           Project file item includes which caused reference "C:\Program Files\dotnet\sdk\8.0.419\Microsoft\Microsoft.NET.Build.Extensions\net461\lib\System.Net.WebHeaderCollection.dll". [C:\Users\Alon-TUF\Desktop\WIP\SimpleBackup\SimpleBackup.csproj]
C:\Program Files\dotnet\sdk\8.0.419\Microsoft.Common.CurrentVersion.targets(2412,5): warning MSB3277:             System.Net.WebHeaderCollection [C:\Users\Alon-TUF\Desktop\WIP\SimpleBackup\SimpleBackup.csproj]
C:\Program Files\dotnet\sdk\8.0.419\Microsoft.Common.CurrentVersion.targets(2412,5): warning MSB3277:         C:\Program Files\dotnet\sdk\8.0.419\Microsoft\Microsoft.NET.Build.Extensions\net461\lib\System.Net.WebSockets.Client.dll [C:\Users\Alon-TUF\Desktop\WIP\SimpleBackup\SimpleBackup.csproj]
C:\Program Files\dotnet\sdk\8.0.419\Microsoft.Common.CurrentVersion.targets(2412,5): warning MSB3277:           Project file item includes which caused reference "C:\Program Files\dotnet\sdk\8.0.419\Microsoft\Microsoft.NET.Build.Extensions\net461\lib\System.Net.WebSockets.Client.dll". [C:\Users\Alon-TUF\Desktop\WIP\SimpleBackup\SimpleBackup.csproj]
C:\Program Files\dotnet\sdk\8.0.419\Microsoft.Common.CurrentVersion.targets(2412,5): warning MSB3277:             System.Net.WebSockets.Client [C:\Users\Alon-TUF\Desktop\WIP\SimpleBackup\SimpleBackup.csproj]
C:\Program Files\dotnet\sdk\8.0.419\Microsoft.Common.CurrentVersion.targets(2412,5): warning MSB3277:         C:\Program Files\dotnet\sdk\8.0.419\Microsoft\Microsoft.NET.Build.Extensions\net461\lib\System.Net.WebSockets.dll [C:\Users\Alon-TUF\Desktop\WIP\SimpleBackup\SimpleBackup.csproj]
C:\Program Files\dotnet\sdk\8.0.419\Microsoft.Common.CurrentVersion.targets(2412,5): warning MSB3277:           Project file item includes which caused reference "C:\Program Files\dotnet\sdk\8.0.419\Microsoft\Microsoft.NET.Build.Extensions\net461\lib\System.Net.WebSockets.dll". [C:\Users\Alon-TUF\Desktop\WIP\SimpleBackup\SimpleBackup.csproj]
C:\Program Files\dotnet\sdk\8.0.419\Microsoft.Common.CurrentVersion.targets(2412,5): warning MSB3277:             System.Net.WebSockets [C:\Users\Alon-TUF\Desktop\WIP\SimpleBackup\SimpleBackup.csproj]
C:\Program Files\dotnet\sdk\8.0.419\Microsoft.Common.CurrentVersion.targets(2412,5): warning MSB3277:         C:\Program Files\dotnet\sdk\8.0.419\Microsoft\Microsoft.NET.Build.Extensions\net461\lib\System.ObjectModel.dll [C:\Users\Alon-TUF\Desktop\WIP\SimpleBackup\SimpleBackup.csproj]
C:\Program Files\dotnet\sdk\8.0.419\Microsoft.Common.CurrentVersion.targets(2412,5): warning MSB3277:           Project file item includes which caused reference "C:\Program Files\dotnet\sdk\8.0.419\Microsoft\Microsoft.NET.Build.Extensions\net461\lib\System.ObjectModel.dll". [C:\Users\Alon-TUF\Desktop\WIP\SimpleBackup\SimpleBackup.csproj]
C:\Program Files\dotnet\sdk\8.0.419\Microsoft.Common.CurrentVersion.targets(2412,5): warning MSB3277:             System.ObjectModel [C:\Users\Alon-TUF\Desktop\WIP\SimpleBackup\SimpleBackup.csproj]
C:\Program Files\dotnet\sdk\8.0.419\Microsoft.Common.CurrentVersion.targets(2412,5): warning MSB3277:             netfx.force.conflicts [C:\Users\Alon-TUF\Desktop\WIP\SimpleBackup\SimpleBackup.csproj]
C:\Program Files\dotnet\sdk\8.0.419\Microsoft.Common.CurrentVersion.targets(2412,5): warning MSB3277:         C:\Program Files\dotnet\sdk\8.0.419\Microsoft\Microsoft.NET.Build.Extensions\net461\lib\System.Reflection.dll [C:\Users\Alon-TUF\Desktop\WIP\SimpleBackup\SimpleBackup.csproj]
C:\Program Files\dotnet\sdk\8.0.419\Microsoft.Common.CurrentVersion.targets(2412,5): warning MSB3277:           Project file item includes which caused reference "C:\Program Files\dotnet\sdk\8.0.419\Microsoft\Microsoft.NET.Build.Extensions\net461\lib\System.Reflection.dll". [C:\Users\Alon-TUF\Desktop\WIP\SimpleBackup\SimpleBackup.csproj]
C:\Program Files\dotnet\sdk\8.0.419\Microsoft.Common.CurrentVersion.targets(2412,5): warning MSB3277:             System.Reflection [C:\Users\Alon-TUF\Desktop\WIP\SimpleBackup\SimpleBackup.csproj]
C:\Program Files\dotnet\sdk\8.0.419\Microsoft.Common.CurrentVersion.targets(2412,5): warning MSB3277:             netfx.force.conflicts [C:\Users\Alon-TUF\Desktop\WIP\SimpleBackup\SimpleBackup.csproj]
C:\Program Files\dotnet\sdk\8.0.419\Microsoft.Common.CurrentVersion.targets(2412,5): warning MSB3277:         C:\Program Files\dotnet\sdk\8.0.419\Microsoft\Microsoft.NET.Build.Extensions\net461\lib\System.Reflection.Extensions.dll [C:\Users\Alon-TUF\Desktop\WIP\SimpleBackup\SimpleBackup.csproj]
C:\Program Files\dotnet\sdk\8.0.419\Microsoft.Common.CurrentVersion.targets(2412,5): warning MSB3277:           Project file item includes which caused reference "C:\Program Files\dotnet\sdk\8.0.419\Microsoft\Microsoft.NET.Build.Extensions\net461\lib\System.Reflection.Extensions.dll". [C:\Users\Alon-TUF\Desktop\WIP\SimpleBackup\SimpleBackup.csproj]
C:\Program Files\dotnet\sdk\8.0.419\Microsoft.Common.CurrentVersion.targets(2412,5): warning MSB3277:             System.Reflection.Extensions [C:\Users\Alon-TUF\Desktop\WIP\SimpleBackup\SimpleBackup.csproj]
C:\Program Files\dotnet\sdk\8.0.419\Microsoft.Common.CurrentVersion.targets(2412,5): warning MSB3277:             netfx.force.conflicts [C:\Users\Alon-TUF\Desktop\WIP\SimpleBackup\SimpleBackup.csproj]
C:\Program Files\dotnet\sdk\8.0.419\Microsoft.Common.CurrentVersion.targets(2412,5): warning MSB3277:         C:\Program Files\dotnet\sdk\8.0.419\Microsoft\Microsoft.NET.Build.Extensions\net461\lib\System.Reflection.Primitives.dll [C:\Users\Alon-TUF\Desktop\WIP\SimpleBackup\SimpleBackup.csproj]
C:\Program Files\dotnet\sdk\8.0.419\Microsoft.Common.CurrentVersion.targets(2412,5): warning MSB3277:           Project file item includes which caused reference "C:\Program Files\dotnet\sdk\8.0.419\Microsoft\Microsoft.NET.Build.Extensions\net461\lib\System.Reflection.Primitives.dll". [C:\Users\Alon-TUF\Desktop\WIP\SimpleBackup\SimpleBackup.csproj]
C:\Program Files\dotnet\sdk\8.0.419\Microsoft.Common.CurrentVersion.targets(2412,5): warning MSB3277:             System.Reflection.Primitives [C:\Users\Alon-TUF\Desktop\WIP\SimpleBackup\SimpleBackup.csproj]
C:\Program Files\dotnet\sdk\8.0.419\Microsoft.Common.CurrentVersion.targets(2412,5): warning MSB3277:             netfx.force.conflicts [C:\Users\Alon-TUF\Desktop\WIP\SimpleBackup\SimpleBackup.csproj]
C:\Program Files\dotnet\sdk\8.0.419\Microsoft.Common.CurrentVersion.targets(2412,5): warning MSB3277:         C:\Program Files\dotnet\sdk\8.0.419\Microsoft\Microsoft.NET.Build.Extensions\net461\lib\System.Resources.Reader.dll [C:\Users\Alon-TUF\Desktop\WIP\SimpleBackup\SimpleBackup.csproj]
C:\Program Files\dotnet\sdk\8.0.419\Microsoft.Common.CurrentVersion.targets(2412,5): warning MSB3277:           Project file item includes which caused reference "C:\Program Files\dotnet\sdk\8.0.419\Microsoft\Microsoft.NET.Build.Extensions\net461\lib\System.Resources.Reader.dll". [C:\Users\Alon-TUF\Desktop\WIP\SimpleBackup\SimpleBackup.csproj]
C:\Program Files\dotnet\sdk\8.0.419\Microsoft.Common.CurrentVersion.targets(2412,5): warning MSB3277:             System.Resources.Reader [C:\Users\Alon-TUF\Desktop\WIP\SimpleBackup\SimpleBackup.csproj]
C:\Program Files\dotnet\sdk\8.0.419\Microsoft.Common.CurrentVersion.targets(2412,5): warning MSB3277:         C:\Program Files\dotnet\sdk\8.0.419\Microsoft\Microsoft.NET.Build.Extensions\net461\lib\System.Resources.ResourceManager.dll [C:\Users\Alon-TUF\Desktop\WIP\SimpleBackup\SimpleBackup.csproj]
C:\Program Files\dotnet\sdk\8.0.419\Microsoft.Common.CurrentVersion.targets(2412,5): warning MSB3277:           Project file item includes which caused reference "C:\Program Files\dotnet\sdk\8.0.419\Microsoft\Microsoft.NET.Build.Extensions\net461\lib\System.Resources.ResourceManager.dll". [C:\Users\Alon-TUF\Desktop\WIP\SimpleBackup\SimpleBackup.csproj]
C:\Program Files\dotnet\sdk\8.0.419\Microsoft.Common.CurrentVersion.targets(2412,5): warning MSB3277:             System.Resources.ResourceManager [C:\Users\Alon-TUF\Desktop\WIP\SimpleBackup\SimpleBackup.csproj]
C:\Program Files\dotnet\sdk\8.0.419\Microsoft.Common.CurrentVersion.targets(2412,5): warning MSB3277:             netfx.force.conflicts [C:\Users\Alon-TUF\Desktop\WIP\SimpleBackup\SimpleBackup.csproj]
C:\Program Files\dotnet\sdk\8.0.419\Microsoft.Common.CurrentVersion.targets(2412,5): warning MSB3277:         C:\Program Files\dotnet\sdk\8.0.419\Microsoft\Microsoft.NET.Build.Extensions\net461\lib\System.Resources.Writer.dll [C:\Users\Alon-TUF\Desktop\WIP\SimpleBackup\SimpleBackup.csproj]
C:\Program Files\dotnet\sdk\8.0.419\Microsoft.Common.CurrentVersion.targets(2412,5): warning MSB3277:           Project file item includes which caused reference "C:\Program Files\dotnet\sdk\8.0.419\Microsoft\Microsoft.NET.Build.Extensions\net461\lib\System.Resources.Writer.dll". [C:\Users\Alon-TUF\Desktop\WIP\SimpleBackup\SimpleBackup.csproj]
C:\Program Files\dotnet\sdk\8.0.419\Microsoft.Common.CurrentVersion.targets(2412,5): warning MSB3277:             System.Resources.Writer [C:\Users\Alon-TUF\Desktop\WIP\SimpleBackup\SimpleBackup.csproj]
C:\Program Files\dotnet\sdk\8.0.419\Microsoft.Common.CurrentVersion.targets(2412,5): warning MSB3277:         C:\Program Files\dotnet\sdk\8.0.419\Microsoft\Microsoft.NET.Build.Extensions\net461\lib\System.Runtime.CompilerServices.VisualC.dll [C:\Users\Alon-TUF\Desktop\WIP\SimpleBackup\SimpleBackup.csproj]
C:\Program Files\dotnet\sdk\8.0.419\Microsoft.Common.CurrentVersion.targets(2412,5): warning MSB3277:           Project file item includes which caused reference "C:\Program Files\dotnet\sdk\8.0.419\Microsoft\Microsoft.NET.Build.Extensions\net461\lib\System.Runtime.CompilerServices.VisualC.dll". [C:\Users\Alon-TUF\Desktop\WIP\SimpleBackup\SimpleBackup.csproj]
C:\Program Files\dotnet\sdk\8.0.419\Microsoft.Common.CurrentVersion.targets(2412,5): warning MSB3277:             System.Runtime.CompilerServices.VisualC [C:\Users\Alon-TUF\Desktop\WIP\SimpleBackup\SimpleBackup.csproj]
C:\Program Files\dotnet\sdk\8.0.419\Microsoft.Common.CurrentVersion.targets(2412,5): warning MSB3277:         C:\Program Files\dotnet\sdk\8.0.419\Microsoft\Microsoft.NET.Build.Extensions\net461\lib\System.Runtime.dll [C:\Users\Alon-TUF\Desktop\WIP\SimpleBackup\SimpleBackup.csproj]
C:\Program Files\dotnet\sdk\8.0.419\Microsoft.Common.CurrentVersion.targets(2412,5): warning MSB3277:           Project file item includes which caused reference "C:\Program Files\dotnet\sdk\8.0.419\Microsoft\Microsoft.NET.Build.Extensions\net461\lib\System.Runtime.dll". [C:\Users\Alon-TUF\Desktop\WIP\SimpleBackup\SimpleBackup.csproj]
C:\Program Files\dotnet\sdk\8.0.419\Microsoft.Common.CurrentVersion.targets(2412,5): warning MSB3277:             System.Runtime [C:\Users\Alon-TUF\Desktop\WIP\SimpleBackup\SimpleBackup.csproj]
C:\Program Files\dotnet\sdk\8.0.419\Microsoft.Common.CurrentVersion.targets(2412,5): warning MSB3277:             netfx.force.conflicts [C:\Users\Alon-TUF\Desktop\WIP\SimpleBackup\SimpleBackup.csproj]
C:\Program Files\dotnet\sdk\8.0.419\Microsoft.Common.CurrentVersion.targets(2412,5): warning MSB3277:         C:\Program Files\dotnet\sdk\8.0.419\Microsoft\Microsoft.NET.Build.Extensions\net461\lib\System.Runtime.Extensions.dll [C:\Users\Alon-TUF\Desktop\WIP\SimpleBackup\SimpleBackup.csproj]
C:\Program Files\dotnet\sdk\8.0.419\Microsoft.Common.CurrentVersion.targets(2412,5): warning MSB3277:           Project file item includes which caused reference "C:\Program Files\dotnet\sdk\8.0.419\Microsoft\Microsoft.NET.Build.Extensions\net461\lib\System.Runtime.Extensions.dll". [C:\Users\Alon-TUF\Desktop\WIP\SimpleBackup\SimpleBackup.csproj]
C:\Program Files\dotnet\sdk\8.0.419\Microsoft.Common.CurrentVersion.targets(2412,5): warning MSB3277:             System.Runtime.Extensions [C:\Users\Alon-TUF\Desktop\WIP\SimpleBackup\SimpleBackup.csproj]
C:\Program Files\dotnet\sdk\8.0.419\Microsoft.Common.CurrentVersion.targets(2412,5): warning MSB3277:             netfx.force.conflicts [C:\Users\Alon-TUF\Desktop\WIP\SimpleBackup\SimpleBackup.csproj]
C:\Program Files\dotnet\sdk\8.0.419\Microsoft.Common.CurrentVersion.targets(2412,5): warning MSB3277:         C:\Program Files\dotnet\sdk\8.0.419\Microsoft\Microsoft.NET.Build.Extensions\net461\lib\System.Runtime.Handles.dll [C:\Users\Alon-TUF\Desktop\WIP\SimpleBackup\SimpleBackup.csproj]
C:\Program Files\dotnet\sdk\8.0.419\Microsoft.Common.CurrentVersion.targets(2412,5): warning MSB3277:           Project file item includes which caused reference "C:\Program Files\dotnet\sdk\8.0.419\Microsoft\Microsoft.NET.Build.Extensions\net461\lib\System.Runtime.Handles.dll". [C:\Users\Alon-TUF\Desktop\WIP\SimpleBackup\SimpleBackup.csproj]
C:\Program Files\dotnet\sdk\8.0.419\Microsoft.Common.CurrentVersion.targets(2412,5): warning MSB3277:             System.Runtime.Handles [C:\Users\Alon-TUF\Desktop\WIP\SimpleBackup\SimpleBackup.csproj]
C:\Program Files\dotnet\sdk\8.0.419\Microsoft.Common.CurrentVersion.targets(2412,5): warning MSB3277:         C:\Program Files\dotnet\sdk\8.0.419\Microsoft\Microsoft.NET.Build.Extensions\net461\lib\System.Runtime.InteropServices.dll [C:\Users\Alon-TUF\Desktop\WIP\SimpleBackup\SimpleBackup.csproj]
C:\Program Files\dotnet\sdk\8.0.419\Microsoft.Common.CurrentVersion.targets(2412,5): warning MSB3277:           Project file item includes which caused reference "C:\Program Files\dotnet\sdk\8.0.419\Microsoft\Microsoft.NET.Build.Extensions\net461\lib\System.Runtime.InteropServices.dll". [C:\Users\Alon-TUF\Desktop\WIP\SimpleBackup\SimpleBackup.csproj]
C:\Program Files\dotnet\sdk\8.0.419\Microsoft.Common.CurrentVersion.targets(2412,5): warning MSB3277:             System.Runtime.InteropServices [C:\Users\Alon-TUF\Desktop\WIP\SimpleBackup\SimpleBackup.csproj]
C:\Program Files\dotnet\sdk\8.0.419\Microsoft.Common.CurrentVersion.targets(2412,5): warning MSB3277:             netfx.force.conflicts [C:\Users\Alon-TUF\Desktop\WIP\SimpleBackup\SimpleBackup.csproj]
C:\Program Files\dotnet\sdk\8.0.419\Microsoft.Common.CurrentVersion.targets(2412,5): warning MSB3277:         C:\Program Files\dotnet\sdk\8.0.419\Microsoft\Microsoft.NET.Build.Extensions\net461\lib\System.Runtime.Numerics.dll [C:\Users\Alon-TUF\Desktop\WIP\SimpleBackup\SimpleBackup.csproj]
C:\Program Files\dotnet\sdk\8.0.419\Microsoft.Common.CurrentVersion.targets(2412,5): warning MSB3277:           Project file item includes which caused reference "C:\Program Files\dotnet\sdk\8.0.419\Microsoft\Microsoft.NET.Build.Extensions\net461\lib\System.Runtime.Numerics.dll". [C:\Users\Alon-TUF\Desktop\WIP\SimpleBackup\SimpleBackup.csproj]
C:\Program Files\dotnet\sdk\8.0.419\Microsoft.Common.CurrentVersion.targets(2412,5): warning MSB3277:             System.Runtime.Numerics [C:\Users\Alon-TUF\Desktop\WIP\SimpleBackup\SimpleBackup.csproj]
C:\Program Files\dotnet\sdk\8.0.419\Microsoft.Common.CurrentVersion.targets(2412,5): warning MSB3277:             netfx.force.conflicts [C:\Users\Alon-TUF\Desktop\WIP\SimpleBackup\SimpleBackup.csproj]
C:\Program Files\dotnet\sdk\8.0.419\Microsoft.Common.CurrentVersion.targets(2412,5): warning MSB3277:         C:\Program Files\dotnet\sdk\8.0.419\Microsoft\Microsoft.NET.Build.Extensions\net461\lib\System.Runtime.Serialization.Formatters.dll [C:\Users\Alon-TUF\Desktop\WIP\SimpleBackup\SimpleBackup.csproj]
C:\Program Files\dotnet\sdk\8.0.419\Microsoft.Common.CurrentVersion.targets(2412,5): warning MSB3277:           Project file item includes which caused reference "C:\Program Files\dotnet\sdk\8.0.419\Microsoft\Microsoft.NET.Build.Extensions\net461\lib\System.Runtime.Serialization.Formatters.dll". [C:\Users\Alon-TUF\Desktop\WIP\SimpleBackup\SimpleBackup.csproj]
C:\Program Files\dotnet\sdk\8.0.419\Microsoft.Common.CurrentVersion.targets(2412,5): warning MSB3277:             System.Runtime.Serialization.Formatters [C:\Users\Alon-TUF\Desktop\WIP\SimpleBackup\SimpleBackup.csproj]
C:\Program Files\dotnet\sdk\8.0.419\Microsoft.Common.CurrentVersion.targets(2412,5): warning MSB3277:         C:\Program Files\dotnet\sdk\8.0.419\Microsoft\Microsoft.NET.Build.Extensions\net461\lib\System.Runtime.Serialization.Json.dll [C:\Users\Alon-TUF\Desktop\WIP\SimpleBackup\SimpleBackup.csproj]
C:\Program Files\dotnet\sdk\8.0.419\Microsoft.Common.CurrentVersion.targets(2412,5): warning MSB3277:           Project file item includes which caused reference "C:\Program Files\dotnet\sdk\8.0.419\Microsoft\Microsoft.NET.Build.Extensions\net461\lib\System.Runtime.Serialization.Json.dll". [C:\Users\Alon-TUF\Desktop\WIP\SimpleBackup\SimpleBackup.csproj]
C:\Program Files\dotnet\sdk\8.0.419\Microsoft.Common.CurrentVersion.targets(2412,5): warning MSB3277:             System.Runtime.Serialization.Json [C:\Users\Alon-TUF\Desktop\WIP\SimpleBackup\SimpleBackup.csproj]
C:\Program Files\dotnet\sdk\8.0.419\Microsoft.Common.CurrentVersion.targets(2412,5): warning MSB3277:             netfx.force.conflicts [C:\Users\Alon-TUF\Desktop\WIP\SimpleBackup\SimpleBackup.csproj]
C:\Program Files\dotnet\sdk\8.0.419\Microsoft.Common.CurrentVersion.targets(2412,5): warning MSB3277:         C:\Program Files\dotnet\sdk\8.0.419\Microsoft\Microsoft.NET.Build.Extensions\net461\lib\System.Security.Claims.dll [C:\Users\Alon-TUF\Desktop\WIP\SimpleBackup\SimpleBackup.csproj]
C:\Program Files\dotnet\sdk\8.0.419\Microsoft.Common.CurrentVersion.targets(2412,5): warning MSB3277:           Project file item includes which caused reference "C:\Program Files\dotnet\sdk\8.0.419\Microsoft\Microsoft.NET.Build.Extensions\net461\lib\System.Security.Claims.dll". [C:\Users\Alon-TUF\Desktop\WIP\SimpleBackup\SimpleBackup.csproj]
C:\Program Files\dotnet\sdk\8.0.419\Microsoft.Common.CurrentVersion.targets(2412,5): warning MSB3277:             System.Security.Claims [C:\Users\Alon-TUF\Desktop\WIP\SimpleBackup\SimpleBackup.csproj]
C:\Program Files\dotnet\sdk\8.0.419\Microsoft.Common.CurrentVersion.targets(2412,5): warning MSB3277:         C:\Program Files\dotnet\sdk\8.0.419\Microsoft\Microsoft.NET.Build.Extensions\net461\lib\System.Security.Cryptography.Csp.dll [C:\Users\Alon-TUF\Desktop\WIP\SimpleBackup\SimpleBackup.csproj]
C:\Program Files\dotnet\sdk\8.0.419\Microsoft.Common.CurrentVersion.targets(2412,5): warning MSB3277:           Project file item includes which caused reference "C:\Program Files\dotnet\sdk\8.0.419\Microsoft\Microsoft.NET.Build.Extensions\net461\lib\System.Security.Cryptography.Csp.dll". [C:\Users\Alon-TUF\Desktop\WIP\SimpleBackup\SimpleBackup.csproj]
C:\Program Files\dotnet\sdk\8.0.419\Microsoft.Common.CurrentVersion.targets(2412,5): warning MSB3277:             System.Security.Cryptography.Csp [C:\Users\Alon-TUF\Desktop\WIP\SimpleBackup\SimpleBackup.csproj]
C:\Program Files\dotnet\sdk\8.0.419\Microsoft.Common.CurrentVersion.targets(2412,5): warning MSB3277:         C:\Program Files\dotnet\sdk\8.0.419\Microsoft\Microsoft.NET.Build.Extensions\net461\lib\System.Security.Cryptography.Encoding.dll [C:\Users\Alon-TUF\Desktop\WIP\SimpleBackup\SimpleBackup.csproj]
C:\Program Files\dotnet\sdk\8.0.419\Microsoft.Common.CurrentVersion.targets(2412,5): warning MSB3277:           Project file item includes which caused reference "C:\Program Files\dotnet\sdk\8.0.419\Microsoft\Microsoft.NET.Build.Extensions\net461\lib\System.Security.Cryptography.Encoding.dll". [C:\Users\Alon-TUF\Desktop\WIP\SimpleBackup\SimpleBackup.csproj]
C:\Program Files\dotnet\sdk\8.0.419\Microsoft.Common.CurrentVersion.targets(2412,5): warning MSB3277:             System.Security.Cryptography.Encoding [C:\Users\Alon-TUF\Desktop\WIP\SimpleBackup\SimpleBackup.csproj]
C:\Program Files\dotnet\sdk\8.0.419\Microsoft.Common.CurrentVersion.targets(2412,5): warning MSB3277:         C:\Program Files\dotnet\sdk\8.0.419\Microsoft\Microsoft.NET.Build.Extensions\net461\lib\System.Security.Cryptography.Primitives.dll [C:\Users\Alon-TUF\Desktop\WIP\SimpleBackup\SimpleBackup.csproj]
C:\Program Files\dotnet\sdk\8.0.419\Microsoft.Common.CurrentVersion.targets(2412,5): warning MSB3277:           Project file item includes which caused reference "C:\Program Files\dotnet\sdk\8.0.419\Microsoft\Microsoft.NET.Build.Extensions\net461\lib\System.Security.Cryptography.Primitives.dll". [C:\Users\Alon-TUF\Desktop\WIP\SimpleBackup\SimpleBackup.csproj]
C:\Program Files\dotnet\sdk\8.0.419\Microsoft.Common.CurrentVersion.targets(2412,5): warning MSB3277:             System.Security.Cryptography.Primitives [C:\Users\Alon-TUF\Desktop\WIP\SimpleBackup\SimpleBackup.csproj]
C:\Program Files\dotnet\sdk\8.0.419\Microsoft.Common.CurrentVersion.targets(2412,5): warning MSB3277:         C:\Program Files\dotnet\sdk\8.0.419\Microsoft\Microsoft.NET.Build.Extensions\net461\lib\System.Security.Cryptography.X509Certificates.dll [C:\Users\Alon-TUF\Desktop\WIP\SimpleBackup\SimpleBackup.csproj]
C:\Program Files\dotnet\sdk\8.0.419\Microsoft.Common.CurrentVersion.targets(2412,5): warning MSB3277:           Project file item includes which caused reference "C:\Program Files\dotnet\sdk\8.0.419\Microsoft\Microsoft.NET.Build.Extensions\net461\lib\System.Security.Cryptography.X509Certificates.dll". [C:\Users\Alon-TUF\Desktop\WIP\SimpleBackup\SimpleBackup.csproj]
C:\Program Files\dotnet\sdk\8.0.419\Microsoft.Common.CurrentVersion.targets(2412,5): warning MSB3277:             System.Security.Cryptography.X509Certificates [C:\Users\Alon-TUF\Desktop\WIP\SimpleBackup\SimpleBackup.csproj]
C:\Program Files\dotnet\sdk\8.0.419\Microsoft.Common.CurrentVersion.targets(2412,5): warning MSB3277:         C:\Program Files\dotnet\sdk\8.0.419\Microsoft\Microsoft.NET.Build.Extensions\net461\lib\System.Security.Principal.dll [C:\Users\Alon-TUF\Desktop\WIP\SimpleBackup\SimpleBackup.csproj]
C:\Program Files\dotnet\sdk\8.0.419\Microsoft.Common.CurrentVersion.targets(2412,5): warning MSB3277:           Project file item includes which caused reference "C:\Program Files\dotnet\sdk\8.0.419\Microsoft\Microsoft.NET.Build.Extensions\net461\lib\System.Security.Principal.dll". [C:\Users\Alon-TUF\Desktop\WIP\SimpleBackup\SimpleBackup.csproj]
C:\Program Files\dotnet\sdk\8.0.419\Microsoft.Common.CurrentVersion.targets(2412,5): warning MSB3277:             System.Security.Principal [C:\Users\Alon-TUF\Desktop\WIP\SimpleBackup\SimpleBackup.csproj]
C:\Program Files\dotnet\sdk\8.0.419\Microsoft.Common.CurrentVersion.targets(2412,5): warning MSB3277:             netfx.force.conflicts [C:\Users\Alon-TUF\Desktop\WIP\SimpleBackup\SimpleBackup.csproj]
C:\Program Files\dotnet\sdk\8.0.419\Microsoft.Common.CurrentVersion.targets(2412,5): warning MSB3277:         C:\Program Files\dotnet\sdk\8.0.419\Microsoft\Microsoft.NET.Build.Extensions\net461\lib\System.Text.Encoding.dll [C:\Users\Alon-TUF\Desktop\WIP\SimpleBackup\SimpleBackup.csproj]
C:\Program Files\dotnet\sdk\8.0.419\Microsoft.Common.CurrentVersion.targets(2412,5): warning MSB3277:           Project file item includes which caused reference "C:\Program Files\dotnet\sdk\8.0.419\Microsoft\Microsoft.NET.Build.Extensions\net461\lib\System.Text.Encoding.dll". [C:\Users\Alon-TUF\Desktop\WIP\SimpleBackup\SimpleBackup.csproj]
C:\Program Files\dotnet\sdk\8.0.419\Microsoft.Common.CurrentVersion.targets(2412,5): warning MSB3277:             System.Text.Encoding [C:\Users\Alon-TUF\Desktop\WIP\SimpleBackup\SimpleBackup.csproj]
C:\Program Files\dotnet\sdk\8.0.419\Microsoft.Common.CurrentVersion.targets(2412,5): warning MSB3277:             netfx.force.conflicts [C:\Users\Alon-TUF\Desktop\WIP\SimpleBackup\SimpleBackup.csproj]
C:\Program Files\dotnet\sdk\8.0.419\Microsoft.Common.CurrentVersion.targets(2412,5): warning MSB3277:         C:\Program Files\dotnet\sdk\8.0.419\Microsoft\Microsoft.NET.Build.Extensions\net461\lib\System.Text.Encoding.Extensions.dll [C:\Users\Alon-TUF\Desktop\WIP\SimpleBackup\SimpleBackup.csproj]
C:\Program Files\dotnet\sdk\8.0.419\Microsoft.Common.CurrentVersion.targets(2412,5): warning MSB3277:           Project file item includes which caused reference "C:\Program Files\dotnet\sdk\8.0.419\Microsoft\Microsoft.NET.Build.Extensions\net461\lib\System.Text.Encoding.Extensions.dll". [C:\Users\Alon-TUF\Desktop\WIP\SimpleBackup\SimpleBackup.csproj]
C:\Program Files\dotnet\sdk\8.0.419\Microsoft.Common.CurrentVersion.targets(2412,5): warning MSB3277:             System.Text.Encoding.Extensions [C:\Users\Alon-TUF\Desktop\WIP\SimpleBackup\SimpleBackup.csproj]
C:\Program Files\dotnet\sdk\8.0.419\Microsoft.Common.CurrentVersion.targets(2412,5): warning MSB3277:             netfx.force.conflicts [C:\Users\Alon-TUF\Desktop\WIP\SimpleBackup\SimpleBackup.csproj]
C:\Program Files\dotnet\sdk\8.0.419\Microsoft.Common.CurrentVersion.targets(2412,5): warning MSB3277:         C:\Program Files\dotnet\sdk\8.0.419\Microsoft\Microsoft.NET.Build.Extensions\net461\lib\System.Text.RegularExpressions.dll [C:\Users\Alon-TUF\Desktop\WIP\SimpleBackup\SimpleBackup.csproj]
C:\Program Files\dotnet\sdk\8.0.419\Microsoft.Common.CurrentVersion.targets(2412,5): warning MSB3277:           Project file item includes which caused reference "C:\Program Files\dotnet\sdk\8.0.419\Microsoft\Microsoft.NET.Build.Extensions\net461\lib\System.Text.RegularExpressions.dll". [C:\Users\Alon-TUF\Desktop\WIP\SimpleBackup\SimpleBackup.csproj]
C:\Program Files\dotnet\sdk\8.0.419\Microsoft.Common.CurrentVersion.targets(2412,5): warning MSB3277:             System.Text.RegularExpressions [C:\Users\Alon-TUF\Desktop\WIP\SimpleBackup\SimpleBackup.csproj]
C:\Program Files\dotnet\sdk\8.0.419\Microsoft.Common.CurrentVersion.targets(2412,5): warning MSB3277:             netfx.force.conflicts [C:\Users\Alon-TUF\Desktop\WIP\SimpleBackup\SimpleBackup.csproj]
C:\Program Files\dotnet\sdk\8.0.419\Microsoft.Common.CurrentVersion.targets(2412,5): warning MSB3277:         C:\Program Files\dotnet\sdk\8.0.419\Microsoft\Microsoft.NET.Build.Extensions\net461\lib\System.Threading.dll [C:\Users\Alon-TUF\Desktop\WIP\SimpleBackup\SimpleBackup.csproj]
C:\Program Files\dotnet\sdk\8.0.419\Microsoft.Common.CurrentVersion.targets(2412,5): warning MSB3277:           Project file item includes which caused reference "C:\Program Files\dotnet\sdk\8.0.419\Microsoft\Microsoft.NET.Build.Extensions\net461\lib\System.Threading.dll". [C:\Users\Alon-TUF\Desktop\WIP\SimpleBackup\SimpleBackup.csproj]
C:\Program Files\dotnet\sdk\8.0.419\Microsoft.Common.CurrentVersion.targets(2412,5): warning MSB3277:             System.Threading [C:\Users\Alon-TUF\Desktop\WIP\SimpleBackup\SimpleBackup.csproj]
C:\Program Files\dotnet\sdk\8.0.419\Microsoft.Common.CurrentVersion.targets(2412,5): warning MSB3277:             netfx.force.conflicts [C:\Users\Alon-TUF\Desktop\WIP\SimpleBackup\SimpleBackup.csproj]
C:\Program Files\dotnet\sdk\8.0.419\Microsoft.Common.CurrentVersion.targets(2412,5): warning MSB3277:         C:\Program Files\dotnet\sdk\8.0.419\Microsoft\Microsoft.NET.Build.Extensions\net461\lib\System.Threading.Tasks.dll [C:\Users\Alon-TUF\Desktop\WIP\SimpleBackup\SimpleBackup.csproj]
C:\Program Files\dotnet\sdk\8.0.419\Microsoft.Common.CurrentVersion.targets(2412,5): warning MSB3277:           Project file item includes which caused reference "C:\Program Files\dotnet\sdk\8.0.419\Microsoft\Microsoft.NET.Build.Extensions\net461\lib\System.Threading.Tasks.dll". [C:\Users\Alon-TUF\Desktop\WIP\SimpleBackup\SimpleBackup.csproj]
C:\Program Files\dotnet\sdk\8.0.419\Microsoft.Common.CurrentVersion.targets(2412,5): warning MSB3277:             System.Threading.Tasks [C:\Users\Alon-TUF\Desktop\WIP\SimpleBackup\SimpleBackup.csproj]
C:\Program Files\dotnet\sdk\8.0.419\Microsoft.Common.CurrentVersion.targets(2412,5): warning MSB3277:             netfx.force.conflicts [C:\Users\Alon-TUF\Desktop\WIP\SimpleBackup\SimpleBackup.csproj]
C:\Program Files\dotnet\sdk\8.0.419\Microsoft.Common.CurrentVersion.targets(2412,5): warning MSB3277:         C:\Program Files\dotnet\sdk\8.0.419\Microsoft\Microsoft.NET.Build.Extensions\net461\lib\System.Threading.Tasks.Parallel.dll [C:\Users\Alon-TUF\Desktop\WIP\SimpleBackup\SimpleBackup.csproj]
C:\Program Files\dotnet\sdk\8.0.419\Microsoft.Common.CurrentVersion.targets(2412,5): warning MSB3277:           Project file item includes which caused reference "C:\Program Files\dotnet\sdk\8.0.419\Microsoft\Microsoft.NET.Build.Extensions\net461\lib\System.Threading.Tasks.Parallel.dll". [C:\Users\Alon-TUF\Desktop\WIP\SimpleBackup\SimpleBackup.csproj]
C:\Program Files\dotnet\sdk\8.0.419\Microsoft.Common.CurrentVersion.targets(2412,5): warning MSB3277:             System.Threading.Tasks.Parallel [C:\Users\Alon-TUF\Desktop\WIP\SimpleBackup\SimpleBackup.csproj]
C:\Program Files\dotnet\sdk\8.0.419\Microsoft.Common.CurrentVersion.targets(2412,5): warning MSB3277:             netfx.force.conflicts [C:\Users\Alon-TUF\Desktop\WIP\SimpleBackup\SimpleBackup.csproj]
C:\Program Files\dotnet\sdk\8.0.419\Microsoft.Common.CurrentVersion.targets(2412,5): warning MSB3277:         C:\Program Files\dotnet\sdk\8.0.419\Microsoft\Microsoft.NET.Build.Extensions\net461\lib\System.Threading.Thread.dll [C:\Users\Alon-TUF\Desktop\WIP\SimpleBackup\SimpleBackup.csproj]
C:\Program Files\dotnet\sdk\8.0.419\Microsoft.Common.CurrentVersion.targets(2412,5): warning MSB3277:           Project file item includes which caused reference "C:\Program Files\dotnet\sdk\8.0.419\Microsoft\Microsoft.NET.Build.Extensions\net461\lib\System.Threading.Thread.dll". [C:\Users\Alon-TUF\Desktop\WIP\SimpleBackup\SimpleBackup.csproj]
C:\Program Files\dotnet\sdk\8.0.419\Microsoft.Common.CurrentVersion.targets(2412,5): warning MSB3277:             System.Threading.Thread [C:\Users\Alon-TUF\Desktop\WIP\SimpleBackup\SimpleBackup.csproj]
C:\Program Files\dotnet\sdk\8.0.419\Microsoft.Common.CurrentVersion.targets(2412,5): warning MSB3277:         C:\Program Files\dotnet\sdk\8.0.419\Microsoft\Microsoft.NET.Build.Extensions\net461\lib\System.Threading.ThreadPool.dll [C:\Users\Alon-TUF\Desktop\WIP\SimpleBackup\SimpleBackup.csproj]
C:\Program Files\dotnet\sdk\8.0.419\Microsoft.Common.CurrentVersion.targets(2412,5): warning MSB3277:           Project file item includes which caused reference "C:\Program Files\dotnet\sdk\8.0.419\Microsoft\Microsoft.NET.Build.Extensions\net461\lib\System.Threading.ThreadPool.dll". [C:\Users\Alon-TUF\Desktop\WIP\SimpleBackup\SimpleBackup.csproj]
C:\Program Files\dotnet\sdk\8.0.419\Microsoft.Common.CurrentVersion.targets(2412,5): warning MSB3277:             System.Threading.ThreadPool [C:\Users\Alon-TUF\Desktop\WIP\SimpleBackup\SimpleBackup.csproj]
C:\Program Files\dotnet\sdk\8.0.419\Microsoft.Common.CurrentVersion.targets(2412,5): warning MSB3277:         C:\Program Files\dotnet\sdk\8.0.419\Microsoft\Microsoft.NET.Build.Extensions\net461\lib\System.Threading.Timer.dll [C:\Users\Alon-TUF\Desktop\WIP\SimpleBackup\SimpleBackup.csproj]
C:\Program Files\dotnet\sdk\8.0.419\Microsoft.Common.CurrentVersion.targets(2412,5): warning MSB3277:           Project file item includes which caused reference "C:\Program Files\dotnet\sdk\8.0.419\Microsoft\Microsoft.NET.Build.Extensions\net461\lib\System.Threading.Timer.dll". [C:\Users\Alon-TUF\Desktop\WIP\SimpleBackup\SimpleBackup.csproj]
C:\Program Files\dotnet\sdk\8.0.419\Microsoft.Common.CurrentVersion.targets(2412,5): warning MSB3277:             System.Threading.Timer [C:\Users\Alon-TUF\Desktop\WIP\SimpleBackup\SimpleBackup.csproj]
C:\Program Files\dotnet\sdk\8.0.419\Microsoft.Common.CurrentVersion.targets(2412,5): warning MSB3277:             netfx.force.conflicts [C:\Users\Alon-TUF\Desktop\WIP\SimpleBackup\SimpleBackup.csproj]
C:\Program Files\dotnet\sdk\8.0.419\Microsoft.Common.CurrentVersion.targets(2412,5): warning MSB3277:         C:\Program Files\dotnet\sdk\8.0.419\Microsoft\Microsoft.NET.Build.Extensions\net461\lib\System.Xml.ReaderWriter.dll [C:\Users\Alon-TUF\Desktop\WIP\SimpleBackup\SimpleBackup.csproj]
C:\Program Files\dotnet\sdk\8.0.419\Microsoft.Common.CurrentVersion.targets(2412,5): warning MSB3277:           Project file item includes which caused reference "C:\Program Files\dotnet\sdk\8.0.419\Microsoft\Microsoft.NET.Build.Extensions\net461\lib\System.Xml.ReaderWriter.dll". [C:\Users\Alon-TUF\Desktop\WIP\SimpleBackup\SimpleBackup.csproj]
C:\Program Files\dotnet\sdk\8.0.419\Microsoft.Common.CurrentVersion.targets(2412,5): warning MSB3277:             System.Xml.ReaderWriter [C:\Users\Alon-TUF\Desktop\WIP\SimpleBackup\SimpleBackup.csproj]
C:\Program Files\dotnet\sdk\8.0.419\Microsoft.Common.CurrentVersion.targets(2412,5): warning MSB3277:             netfx.force.conflicts [C:\Users\Alon-TUF\Desktop\WIP\SimpleBackup\SimpleBackup.csproj]
C:\Program Files\dotnet\sdk\8.0.419\Microsoft.Common.CurrentVersion.targets(2412,5): warning MSB3277:         C:\Program Files\dotnet\sdk\8.0.419\Microsoft\Microsoft.NET.Build.Extensions\net461\lib\System.Xml.XDocument.dll [C:\Users\Alon-TUF\Desktop\WIP\SimpleBackup\SimpleBackup.csproj]
C:\Program Files\dotnet\sdk\8.0.419\Microsoft.Common.CurrentVersion.targets(2412,5): warning MSB3277:           Project file item includes which caused reference "C:\Program Files\dotnet\sdk\8.0.419\Microsoft\Microsoft.NET.Build.Extensions\net461\lib\System.Xml.XDocument.dll". [C:\Users\Alon-TUF\Desktop\WIP\SimpleBackup\SimpleBackup.csproj]
C:\Program Files\dotnet\sdk\8.0.419\Microsoft.Common.CurrentVersion.targets(2412,5): warning MSB3277:             System.Xml.XDocument [C:\Users\Alon-TUF\Desktop\WIP\SimpleBackup\SimpleBackup.csproj]
C:\Program Files\dotnet\sdk\8.0.419\Microsoft.Common.CurrentVersion.targets(2412,5): warning MSB3277:             netfx.force.conflicts [C:\Users\Alon-TUF\Desktop\WIP\SimpleBackup\SimpleBackup.csproj]
C:\Program Files\dotnet\sdk\8.0.419\Microsoft.Common.CurrentVersion.targets(2412,5): warning MSB3277:         C:\Program Files\dotnet\sdk\8.0.419\Microsoft\Microsoft.NET.Build.Extensions\net461\lib\System.Xml.XmlDocument.dll [C:\Users\Alon-TUF\Desktop\WIP\SimpleBackup\SimpleBackup.csproj]
C:\Program Files\dotnet\sdk\8.0.419\Microsoft.Common.CurrentVersion.targets(2412,5): warning MSB3277:           Project file item includes which caused reference "C:\Program Files\dotnet\sdk\8.0.419\Microsoft\Microsoft.NET.Build.Extensions\net461\lib\System.Xml.XmlDocument.dll". [C:\Users\Alon-TUF\Desktop\WIP\SimpleBackup\SimpleBackup.csproj]
C:\Program Files\dotnet\sdk\8.0.419\Microsoft.Common.CurrentVersion.targets(2412,5): warning MSB3277:             System.Xml.XmlDocument [C:\Users\Alon-TUF\Desktop\WIP\SimpleBackup\SimpleBackup.csproj]
C:\Program Files\dotnet\sdk\8.0.419\Microsoft.Common.CurrentVersion.targets(2412,5): warning MSB3277:         C:\Program Files\dotnet\sdk\8.0.419\Microsoft\Microsoft.NET.Build.Extensions\net461\lib\System.Xml.XmlSerializer.dll [C:\Users\Alon-TUF\Desktop\WIP\SimpleBackup\SimpleBackup.csproj]
C:\Program Files\dotnet\sdk\8.0.419\Microsoft.Common.CurrentVersion.targets(2412,5): warning MSB3277:           Project file item includes which caused reference "C:\Program Files\dotnet\sdk\8.0.419\Microsoft\Microsoft.NET.Build.Extensions\net461\lib\System.Xml.XmlSerializer.dll". [C:\Users\Alon-TUF\Desktop\WIP\SimpleBackup\SimpleBackup.csproj]
C:\Program Files\dotnet\sdk\8.0.419\Microsoft.Common.CurrentVersion.targets(2412,5): warning MSB3277:             System.Xml.XmlSerializer [C:\Users\Alon-TUF\Desktop\WIP\SimpleBackup\SimpleBackup.csproj]
C:\Program Files\dotnet\sdk\8.0.419\Microsoft.Common.CurrentVersion.targets(2412,5): warning MSB3277:             netfx.force.conflicts [C:\Users\Alon-TUF\Desktop\WIP\SimpleBackup\SimpleBackup.csproj]
C:\Program Files\dotnet\sdk\8.0.419\Microsoft.Common.CurrentVersion.targets(2412,5): warning MSB3277:         C:\Program Files\dotnet\sdk\8.0.419\Microsoft\Microsoft.NET.Build.Extensions\net461\lib\System.Xml.XPath.dll [C:\Users\Alon-TUF\Desktop\WIP\SimpleBackup\SimpleBackup.csproj]
C:\Program Files\dotnet\sdk\8.0.419\Microsoft.Common.CurrentVersion.targets(2412,5): warning MSB3277:           Project file item includes which caused reference "C:\Program Files\dotnet\sdk\8.0.419\Microsoft\Microsoft.NET.Build.Extensions\net461\lib\System.Xml.XPath.dll". [C:\Users\Alon-TUF\Desktop\WIP\SimpleBackup\SimpleBackup.csproj]
C:\Program Files\dotnet\sdk\8.0.419\Microsoft.Common.CurrentVersion.targets(2412,5): warning MSB3277:             System.Xml.XPath [C:\Users\Alon-TUF\Desktop\WIP\SimpleBackup\SimpleBackup.csproj]
C:\Program Files\dotnet\sdk\8.0.419\Microsoft.Common.CurrentVersion.targets(2412,5): warning MSB3277:         C:\Program Files (x86)\Steam\steamapps\common\Valheim\valheim_Data\Managed\UnityEngine.PhysicsModule.dll [C:\Users\Alon-TUF\Desktop\WIP\SimpleBackup\SimpleBackup.csproj]
C:\Program Files\dotnet\sdk\8.0.419\Microsoft.Common.CurrentVersion.targets(2412,5): warning MSB3277:           Project file item includes which caused reference "C:\Program Files (x86)\Steam\steamapps\common\Valheim\valheim_Data\Managed\UnityEngine.PhysicsModule.dll". [C:\Users\Alon-TUF\Desktop\WIP\SimpleBackup\SimpleBackup.csproj]
C:\Program Files\dotnet\sdk\8.0.419\Microsoft.Common.CurrentVersion.targets(2412,5): warning MSB3277:             assembly_valheim [C:\Users\Alon-TUF\Desktop\WIP\SimpleBackup\SimpleBackup.csproj]
C:\Program Files\dotnet\sdk\8.0.419\Microsoft.Common.CurrentVersion.targets(2412,5): warning MSB3277:             UnityEngine [C:\Users\Alon-TUF\Desktop\WIP\SimpleBackup\SimpleBackup.csproj]
C:\Program Files\dotnet\sdk\8.0.419\Microsoft.Common.CurrentVersion.targets(2412,5): warning MSB3277:             UnityEngine.UI [C:\Users\Alon-TUF\Desktop\WIP\SimpleBackup\SimpleBackup.csproj]
C:\Program Files\dotnet\sdk\8.0.419\Microsoft.Common.CurrentVersion.targets(2412,5): warning MSB3277:             assembly_guiutils [C:\Users\Alon-TUF\Desktop\WIP\SimpleBackup\SimpleBackup.csproj]
C:\Program Files\dotnet\sdk\8.0.419\Microsoft.Common.CurrentVersion.targets(2412,5): warning MSB3277:         C:\Program Files (x86)\Steam\steamapps\common\Valheim\valheim_Data\Managed\UnityEngine.ParticleSystemModule.dll [C:\Users\Alon-TUF\Desktop\WIP\SimpleBackup\SimpleBackup.csproj]
C:\Program Files\dotnet\sdk\8.0.419\Microsoft.Common.CurrentVersion.targets(2412,5): warning MSB3277:           Project file item includes which caused reference "C:\Program Files (x86)\Steam\steamapps\common\Valheim\valheim_Data\Managed\UnityEngine.ParticleSystemModule.dll". [C:\Users\Alon-TUF\Desktop\WIP\SimpleBackup\SimpleBackup.csproj]
C:\Program Files\dotnet\sdk\8.0.419\Microsoft.Common.CurrentVersion.targets(2412,5): warning MSB3277:             assembly_valheim [C:\Users\Alon-TUF\Desktop\WIP\SimpleBackup\SimpleBackup.csproj]
C:\Program Files\dotnet\sdk\8.0.419\Microsoft.Common.CurrentVersion.targets(2412,5): warning MSB3277:             UnityEngine [C:\Users\Alon-TUF\Desktop\WIP\SimpleBackup\SimpleBackup.csproj]
C:\Program Files\dotnet\sdk\8.0.419\Microsoft.Common.CurrentVersion.targets(2412,5): warning MSB3277:         C:\Program Files (x86)\Steam\steamapps\common\Valheim\valheim_Data\Managed\UnityEngine.AnimationModule.dll [C:\Users\Alon-TUF\Desktop\WIP\SimpleBackup\SimpleBackup.csproj]
C:\Program Files\dotnet\sdk\8.0.419\Microsoft.Common.CurrentVersion.targets(2412,5): warning MSB3277:           Project file item includes which caused reference "C:\Program Files (x86)\Steam\steamapps\common\Valheim\valheim_Data\Managed\UnityEngine.AnimationModule.dll". [C:\Users\Alon-TUF\Desktop\WIP\SimpleBackup\SimpleBackup.csproj]
C:\Program Files\dotnet\sdk\8.0.419\Microsoft.Common.CurrentVersion.targets(2412,5): warning MSB3277:             assembly_valheim [C:\Users\Alon-TUF\Desktop\WIP\SimpleBackup\SimpleBackup.csproj]
C:\Program Files\dotnet\sdk\8.0.419\Microsoft.Common.CurrentVersion.targets(2412,5): warning MSB3277:             UnityEngine [C:\Users\Alon-TUF\Desktop\WIP\SimpleBackup\SimpleBackup.csproj]
C:\Program Files\dotnet\sdk\8.0.419\Microsoft.Common.CurrentVersion.targets(2412,5): warning MSB3277:             UnityEngine.UI [C:\Users\Alon-TUF\Desktop\WIP\SimpleBackup\SimpleBackup.csproj]
C:\Program Files\dotnet\sdk\8.0.419\Microsoft.Common.CurrentVersion.targets(2412,5): warning MSB3277:             assembly_guiutils [C:\Users\Alon-TUF\Desktop\WIP\SimpleBackup\SimpleBackup.csproj]
C:\Program Files\dotnet\sdk\8.0.419\Microsoft.Common.CurrentVersion.targets(2412,5): warning MSB3277:         C:\Program Files (x86)\Steam\steamapps\common\Valheim\valheim_Data\Managed\UnityEngine.ClothModule.dll [C:\Users\Alon-TUF\Desktop\WIP\SimpleBackup\SimpleBackup.csproj]
C:\Program Files\dotnet\sdk\8.0.419\Microsoft.Common.CurrentVersion.targets(2412,5): warning MSB3277:           Project file item includes which caused reference "C:\Program Files (x86)\Steam\steamapps\common\Valheim\valheim_Data\Managed\UnityEngine.ClothModule.dll". [C:\Users\Alon-TUF\Desktop\WIP\SimpleBackup\SimpleBackup.csproj]
C:\Program Files\dotnet\sdk\8.0.419\Microsoft.Common.CurrentVersion.targets(2412,5): warning MSB3277:             assembly_valheim [C:\Users\Alon-TUF\Desktop\WIP\SimpleBackup\SimpleBackup.csproj]
C:\Program Files\dotnet\sdk\8.0.419\Microsoft.Common.CurrentVersion.targets(2412,5): warning MSB3277:             UnityEngine [C:\Users\Alon-TUF\Desktop\WIP\SimpleBackup\SimpleBackup.csproj]
C:\Program Files\dotnet\sdk\8.0.419\Microsoft.Common.CurrentVersion.targets(2412,5): warning MSB3277:             assembly_guiutils [C:\Users\Alon-TUF\Desktop\WIP\SimpleBackup\SimpleBackup.csproj]
C:\Program Files\dotnet\sdk\8.0.419\Microsoft.Common.CurrentVersion.targets(2412,5): warning MSB3277:         C:\Program Files (x86)\Steam\steamapps\common\Valheim\valheim_Data\Managed\UnityEngine.AudioModule.dll [C:\Users\Alon-TUF\Desktop\WIP\SimpleBackup\SimpleBackup.csproj]
C:\Program Files\dotnet\sdk\8.0.419\Microsoft.Common.CurrentVersion.targets(2412,5): warning MSB3277:           Project file item includes which caused reference "C:\Program Files (x86)\Steam\steamapps\common\Valheim\valheim_Data\Managed\UnityEngine.AudioModule.dll". [C:\Users\Alon-TUF\Desktop\WIP\SimpleBackup\SimpleBackup.csproj]
C:\Program Files\dotnet\sdk\8.0.419\Microsoft.Common.CurrentVersion.targets(2412,5): warning MSB3277:             assembly_valheim [C:\Users\Alon-TUF\Desktop\WIP\SimpleBackup\SimpleBackup.csproj]
C:\Program Files\dotnet\sdk\8.0.419\Microsoft.Common.CurrentVersion.targets(2412,5): warning MSB3277:             UnityEngine [C:\Users\Alon-TUF\Desktop\WIP\SimpleBackup\SimpleBackup.csproj]
C:\Program Files\dotnet\sdk\8.0.419\Microsoft.Common.CurrentVersion.targets(2412,5): warning MSB3277:         C:\Program Files (x86)\Steam\steamapps\common\Valheim\valheim_Data\Managed\UnityEngine.UIModule.dll [C:\Users\Alon-TUF\Desktop\WIP\SimpleBackup\SimpleBackup.csproj]
C:\Program Files\dotnet\sdk\8.0.419\Microsoft.Common.CurrentVersion.targets(2412,5): warning MSB3277:           Project file item includes which caused reference "C:\Program Files (x86)\Steam\steamapps\common\Valheim\valheim_Data\Managed\UnityEngine.UIModule.dll". [C:\Users\Alon-TUF\Desktop\WIP\SimpleBackup\SimpleBackup.csproj]
C:\Program Files\dotnet\sdk\8.0.419\Microsoft.Common.CurrentVersion.targets(2412,5): warning MSB3277:             assembly_valheim [C:\Users\Alon-TUF\Desktop\WIP\SimpleBackup\SimpleBackup.csproj]
C:\Program Files\dotnet\sdk\8.0.419\Microsoft.Common.CurrentVersion.targets(2412,5): warning MSB3277:             assembly_guiutils [C:\Users\Alon-TUF\Desktop\WIP\SimpleBackup\SimpleBackup.csproj]
C:\Program Files\dotnet\sdk\8.0.419\Microsoft.Common.CurrentVersion.targets(2412,5): warning MSB3277:             UnityEngine [C:\Users\Alon-TUF\Desktop\WIP\SimpleBackup\SimpleBackup.csproj]
C:\Program Files\dotnet\sdk\8.0.419\Microsoft.Common.CurrentVersion.targets(2412,5): warning MSB3277:             UnityEngine.UI [C:\Users\Alon-TUF\Desktop\WIP\SimpleBackup\SimpleBackup.csproj]
C:\Program Files\dotnet\sdk\8.0.419\Microsoft.Common.CurrentVersion.targets(2412,5): warning MSB3277:         C:\Program Files (x86)\Steam\steamapps\common\Valheim\valheim_Data\Managed\UnityEngine.AIModule.dll [C:\Users\Alon-TUF\Desktop\WIP\SimpleBackup\SimpleBackup.csproj]
C:\Program Files\dotnet\sdk\8.0.419\Microsoft.Common.CurrentVersion.targets(2412,5): warning MSB3277:           Project file item includes which caused reference "C:\Program Files (x86)\Steam\steamapps\common\Valheim\valheim_Data\Managed\UnityEngine.AIModule.dll". [C:\Users\Alon-TUF\Desktop\WIP\SimpleBackup\SimpleBackup.csproj]
C:\Program Files\dotnet\sdk\8.0.419\Microsoft.Common.CurrentVersion.targets(2412,5): warning MSB3277:             assembly_valheim [C:\Users\Alon-TUF\Desktop\WIP\SimpleBackup\SimpleBackup.csproj]
C:\Program Files\dotnet\sdk\8.0.419\Microsoft.Common.CurrentVersion.targets(2412,5): warning MSB3277:             UnityEngine [C:\Users\Alon-TUF\Desktop\WIP\SimpleBackup\SimpleBackup.csproj]
C:\Program Files\dotnet\sdk\8.0.419\Microsoft.Common.CurrentVersion.targets(2412,5): warning MSB3277:         C:\Program Files (x86)\Steam\steamapps\common\Valheim\valheim_Data\Managed\UnityEngine.UnityWebRequestModule.dll [C:\Users\Alon-TUF\Desktop\WIP\SimpleBackup\SimpleBackup.csproj]
C:\Program Files\dotnet\sdk\8.0.419\Microsoft.Common.CurrentVersion.targets(2412,5): warning MSB3277:           Project file item includes which caused reference "C:\Program Files (x86)\Steam\steamapps\common\Valheim\valheim_Data\Managed\UnityEngine.UnityWebRequestModule.dll". [C:\Users\Alon-TUF\Desktop\WIP\SimpleBackup\SimpleBackup.csproj]
C:\Program Files\dotnet\sdk\8.0.419\Microsoft.Common.CurrentVersion.targets(2412,5): warning MSB3277:             assembly_valheim [C:\Users\Alon-TUF\Desktop\WIP\SimpleBackup\SimpleBackup.csproj]
C:\Program Files\dotnet\sdk\8.0.419\Microsoft.Common.CurrentVersion.targets(2412,5): warning MSB3277:             UnityEngine [C:\Users\Alon-TUF\Desktop\WIP\SimpleBackup\SimpleBackup.csproj]
C:\Program Files\dotnet\sdk\8.0.419\Microsoft.Common.CurrentVersion.targets(2412,5): warning MSB3277:         C:\Program Files (x86)\Steam\steamapps\common\Valheim\valheim_Data\Managed\UnityEngine.IMGUIModule.dll [C:\Users\Alon-TUF\Desktop\WIP\SimpleBackup\SimpleBackup.csproj]
C:\Program Files\dotnet\sdk\8.0.419\Microsoft.Common.CurrentVersion.targets(2412,5): warning MSB3277:           Project file item includes which caused reference "C:\Program Files (x86)\Steam\steamapps\common\Valheim\valheim_Data\Managed\UnityEngine.IMGUIModule.dll". [C:\Users\Alon-TUF\Desktop\WIP\SimpleBackup\SimpleBackup.csproj]
C:\Program Files\dotnet\sdk\8.0.419\Microsoft.Common.CurrentVersion.targets(2412,5): warning MSB3277:             assembly_valheim [C:\Users\Alon-TUF\Desktop\WIP\SimpleBackup\SimpleBackup.csproj]
C:\Program Files\dotnet\sdk\8.0.419\Microsoft.Common.CurrentVersion.targets(2412,5): warning MSB3277:             UnityEngine [C:\Users\Alon-TUF\Desktop\WIP\SimpleBackup\SimpleBackup.csproj]
C:\Program Files\dotnet\sdk\8.0.419\Microsoft.Common.CurrentVersion.targets(2412,5): warning MSB3277:             UnityEngine.UI [C:\Users\Alon-TUF\Desktop\WIP\SimpleBackup\SimpleBackup.csproj]
C:\Program Files\dotnet\sdk\8.0.419\Microsoft.Common.CurrentVersion.targets(2412,5): warning MSB3277:             assembly_guiutils [C:\Users\Alon-TUF\Desktop\WIP\SimpleBackup\SimpleBackup.csproj]
C:\Program Files\dotnet\sdk\8.0.419\Microsoft.Common.CurrentVersion.targets(2412,5): warning MSB3277:         C:\Program Files (x86)\Steam\steamapps\common\Valheim\valheim_Data\Managed\UnityEngine.ImageConversionModule.dll [C:\Users\Alon-TUF\Desktop\WIP\SimpleBackup\SimpleBackup.csproj]
C:\Program Files\dotnet\sdk\8.0.419\Microsoft.Common.CurrentVersion.targets(2412,5): warning MSB3277:           Project file item includes which caused reference "C:\Program Files (x86)\Steam\steamapps\common\Valheim\valheim_Data\Managed\UnityEngine.ImageConversionModule.dll". [C:\Users\Alon-TUF\Desktop\WIP\SimpleBackup\SimpleBackup.csproj]
C:\Program Files\dotnet\sdk\8.0.419\Microsoft.Common.CurrentVersion.targets(2412,5): warning MSB3277:             assembly_valheim [C:\Users\Alon-TUF\Desktop\WIP\SimpleBackup\SimpleBackup.csproj]
C:\Program Files\dotnet\sdk\8.0.419\Microsoft.Common.CurrentVersion.targets(2412,5): warning MSB3277:             UnityEngine [C:\Users\Alon-TUF\Desktop\WIP\SimpleBackup\SimpleBackup.csproj]
C:\Program Files\dotnet\sdk\8.0.419\Microsoft.Common.CurrentVersion.targets(2412,5): warning MSB3277:         C:\Program Files (x86)\Steam\steamapps\common\Valheim\valheim_Data\Managed\UnityEngine.ScreenCaptureModule.dll [C:\Users\Alon-TUF\Desktop\WIP\SimpleBackup\SimpleBackup.csproj]
C:\Program Files\dotnet\sdk\8.0.419\Microsoft.Common.CurrentVersion.targets(2412,5): warning MSB3277:           Project file item includes which caused reference "C:\Program Files (x86)\Steam\steamapps\common\Valheim\valheim_Data\Managed\UnityEngine.ScreenCaptureModule.dll". [C:\Users\Alon-TUF\Desktop\WIP\SimpleBackup\SimpleBackup.csproj]
C:\Program Files\dotnet\sdk\8.0.419\Microsoft.Common.CurrentVersion.targets(2412,5): warning MSB3277:             assembly_valheim [C:\Users\Alon-TUF\Desktop\WIP\SimpleBackup\SimpleBackup.csproj]
C:\Program Files\dotnet\sdk\8.0.419\Microsoft.Common.CurrentVersion.targets(2412,5): warning MSB3277:             UnityEngine [C:\Users\Alon-TUF\Desktop\WIP\SimpleBackup\SimpleBackup.csproj]
C:\Program Files\dotnet\sdk\8.0.419\Microsoft.Common.CurrentVersion.targets(2412,5): warning MSB3277:         C:\Program Files (x86)\Steam\steamapps\common\Valheim\valheim_Data\Managed\UnityEngine.UnityWebRequestTextureModule.dll [C:\Users\Alon-TUF\Desktop\WIP\SimpleBackup\SimpleBackup.csproj]
C:\Program Files\dotnet\sdk\8.0.419\Microsoft.Common.CurrentVersion.targets(2412,5): warning MSB3277:           Project file item includes which caused reference "C:\Program Files (x86)\Steam\steamapps\common\Valheim\valheim_Data\Managed\UnityEngine.UnityWebRequestTextureModule.dll". [C:\Users\Alon-TUF\Desktop\WIP\SimpleBackup\SimpleBackup.csproj]
C:\Program Files\dotnet\sdk\8.0.419\Microsoft.Common.CurrentVersion.targets(2412,5): warning MSB3277:             assembly_valheim [C:\Users\Alon-TUF\Desktop\WIP\SimpleBackup\SimpleBackup.csproj]
C:\Program Files\dotnet\sdk\8.0.419\Microsoft.Common.CurrentVersion.targets(2412,5): warning MSB3277:             UnityEngine [C:\Users\Alon-TUF\Desktop\WIP\SimpleBackup\SimpleBackup.csproj]
C:\Program Files\dotnet\sdk\8.0.419\Microsoft.Common.CurrentVersion.targets(2412,5): warning MSB3277:         C:\Program Files (x86)\Steam\steamapps\common\Valheim\valheim_Data\Managed\UnityEngine.DSPGraphModule.dll [C:\Users\Alon-TUF\Desktop\WIP\SimpleBackup\SimpleBackup.csproj]
C:\Program Files\dotnet\sdk\8.0.419\Microsoft.Common.CurrentVersion.targets(2412,5): warning MSB3277:           Project file item includes which caused reference "C:\Program Files (x86)\Steam\steamapps\common\Valheim\valheim_Data\Managed\UnityEngine.DSPGraphModule.dll". [C:\Users\Alon-TUF\Desktop\WIP\SimpleBackup\SimpleBackup.csproj]
C:\Program Files\dotnet\sdk\8.0.419\Microsoft.Common.CurrentVersion.targets(2412,5): warning MSB3277:             UnityEngine [C:\Users\Alon-TUF\Desktop\WIP\SimpleBackup\SimpleBackup.csproj]
C:\Program Files\dotnet\sdk\8.0.419\Microsoft.Common.CurrentVersion.targets(2412,5): warning MSB3277:         C:\Program Files (x86)\Steam\steamapps\common\Valheim\valheim_Data\Managed\UnityEngine.UnityCurlModule.dll [C:\Users\Alon-TUF\Desktop\WIP\SimpleBackup\SimpleBackup.csproj]
C:\Program Files\dotnet\sdk\8.0.419\Microsoft.Common.CurrentVersion.targets(2412,5): warning MSB3277:           Project file item includes which caused reference "C:\Program Files (x86)\Steam\steamapps\common\Valheim\valheim_Data\Managed\UnityEngine.UnityCurlModule.dll". [C:\Users\Alon-TUF\Desktop\WIP\SimpleBackup\SimpleBackup.csproj]
C:\Program Files\dotnet\sdk\8.0.419\Microsoft.Common.CurrentVersion.targets(2412,5): warning MSB3277:             UnityEngine [C:\Users\Alon-TUF\Desktop\WIP\SimpleBackup\SimpleBackup.csproj]
C:\Program Files\dotnet\sdk\8.0.419\Microsoft.Common.CurrentVersion.targets(2412,5): warning MSB3277:         C:\Program Files (x86)\Steam\steamapps\common\Valheim\valheim_Data\Managed\UnityEngine.HierarchyCoreModule.dll [C:\Users\Alon-TUF\Desktop\WIP\SimpleBackup\SimpleBackup.csproj]
C:\Program Files\dotnet\sdk\8.0.419\Microsoft.Common.CurrentVersion.targets(2412,5): warning MSB3277:           Project file item includes which caused reference "C:\Program Files (x86)\Steam\steamapps\common\Valheim\valheim_Data\Managed\UnityEngine.HierarchyCoreModule.dll". [C:\Users\Alon-TUF\Desktop\WIP\SimpleBackup\SimpleBackup.csproj]
C:\Program Files\dotnet\sdk\8.0.419\Microsoft.Common.CurrentVersion.targets(2412,5): warning MSB3277:             UnityEngine [C:\Users\Alon-TUF\Desktop\WIP\SimpleBackup\SimpleBackup.csproj]
C:\Program Files\dotnet\sdk\8.0.419\Microsoft.Common.CurrentVersion.targets(2412,5): warning MSB3277:             UnityEngine.UI [C:\Users\Alon-TUF\Desktop\WIP\SimpleBackup\SimpleBackup.csproj]
C:\Program Files\dotnet\sdk\8.0.419\Microsoft.Common.CurrentVersion.targets(2412,5): warning MSB3277:             assembly_valheim [C:\Users\Alon-TUF\Desktop\WIP\SimpleBackup\SimpleBackup.csproj]
C:\Program Files\dotnet\sdk\8.0.419\Microsoft.Common.CurrentVersion.targets(2412,5): warning MSB3277:             assembly_guiutils [C:\Users\Alon-TUF\Desktop\WIP\SimpleBackup\SimpleBackup.csproj]
C:\Program Files\dotnet\sdk\8.0.419\Microsoft.Common.CurrentVersion.targets(2412,5): warning MSB3277:         C:\Program Files (x86)\Steam\steamapps\common\Valheim\valheim_Data\Managed\UnityEngine.ContentLoadModule.dll [C:\Users\Alon-TUF\Desktop\WIP\SimpleBackup\SimpleBackup.csproj]
C:\Program Files\dotnet\sdk\8.0.419\Microsoft.Common.CurrentVersion.targets(2412,5): warning MSB3277:           Project file item includes which caused reference "C:\Program Files (x86)\Steam\steamapps\common\Valheim\valheim_Data\Managed\UnityEngine.ContentLoadModule.dll". [C:\Users\Alon-TUF\Desktop\WIP\SimpleBackup\SimpleBackup.csproj]
C:\Program Files\dotnet\sdk\8.0.419\Microsoft.Common.CurrentVersion.targets(2412,5): warning MSB3277:             UnityEngine [C:\Users\Alon-TUF\Desktop\WIP\SimpleBackup\SimpleBackup.csproj]
C:\Program Files\dotnet\sdk\8.0.419\Microsoft.Common.CurrentVersion.targets(2412,5): warning MSB3277:         C:\Program Files (x86)\Steam\steamapps\common\Valheim\valheim_Data\Managed\UnityEngine.PropertiesModule.dll [C:\Users\Alon-TUF\Desktop\WIP\SimpleBackup\SimpleBackup.csproj]
C:\Program Files\dotnet\sdk\8.0.419\Microsoft.Common.CurrentVersion.targets(2412,5): warning MSB3277:           Project file item includes which caused reference "C:\Program Files (x86)\Steam\steamapps\common\Valheim\valheim_Data\Managed\UnityEngine.PropertiesModule.dll". [C:\Users\Alon-TUF\Desktop\WIP\SimpleBackup\SimpleBackup.csproj]
C:\Program Files\dotnet\sdk\8.0.419\Microsoft.Common.CurrentVersion.targets(2412,5): warning MSB3277:             UnityEngine [C:\Users\Alon-TUF\Desktop\WIP\SimpleBackup\SimpleBackup.csproj]
C:\Program Files\dotnet\sdk\8.0.419\Microsoft.Common.CurrentVersion.targets(2412,5): warning MSB3277:             UnityEngine.UI [C:\Users\Alon-TUF\Desktop\WIP\SimpleBackup\SimpleBackup.csproj]
C:\Program Files\dotnet\sdk\8.0.419\Microsoft.Common.CurrentVersion.targets(2412,5): warning MSB3277:             assembly_valheim [C:\Users\Alon-TUF\Desktop\WIP\SimpleBackup\SimpleBackup.csproj]
C:\Program Files\dotnet\sdk\8.0.419\Microsoft.Common.CurrentVersion.targets(2412,5): warning MSB3277:             assembly_guiutils [C:\Users\Alon-TUF\Desktop\WIP\SimpleBackup\SimpleBackup.csproj]
C:\Program Files\dotnet\sdk\8.0.419\Microsoft.Common.CurrentVersion.targets(2412,5): warning MSB3277:         C:\Program Files (x86)\Steam\steamapps\common\Valheim\valheim_Data\Managed\UnityEngine.TLSModule.dll [C:\Users\Alon-TUF\Desktop\WIP\SimpleBackup\SimpleBackup.csproj]
C:\Program Files\dotnet\sdk\8.0.419\Microsoft.Common.CurrentVersion.targets(2412,5): warning MSB3277:           Project file item includes which caused reference "C:\Program Files (x86)\Steam\steamapps\common\Valheim\valheim_Data\Managed\UnityEngine.TLSModule.dll". [C:\Users\Alon-TUF\Desktop\WIP\SimpleBackup\SimpleBackup.csproj]
C:\Program Files\dotnet\sdk\8.0.419\Microsoft.Common.CurrentVersion.targets(2412,5): warning MSB3277:             UnityEngine [C:\Users\Alon-TUF\Desktop\WIP\SimpleBackup\SimpleBackup.csproj]
C:\Program Files\dotnet\sdk\8.0.419\Microsoft.Common.CurrentVersion.targets(2412,5): warning MSB3277:         C:\Program Files (x86)\Steam\steamapps\common\Valheim\valheim_Data\Managed\UnityEngine.UnityAnalyticsCommonModule.dll [C:\Users\Alon-TUF\Desktop\WIP\SimpleBackup\SimpleBackup.csproj]
C:\Program Files\dotnet\sdk\8.0.419\Microsoft.Common.CurrentVersion.targets(2412,5): warning MSB3277:           Project file item includes which caused reference "C:\Program Files (x86)\Steam\steamapps\common\Valheim\valheim_Data\Managed\UnityEngine.UnityAnalyticsCommonModule.dll". [C:\Users\Alon-TUF\Desktop\WIP\SimpleBackup\SimpleBackup.csproj]
C:\Program Files\dotnet\sdk\8.0.419\Microsoft.Common.CurrentVersion.targets(2412,5): warning MSB3277:             UnityEngine [C:\Users\Alon-TUF\Desktop\WIP\SimpleBackup\SimpleBackup.csproj]
C:\Program Files\dotnet\sdk\8.0.419\Microsoft.Common.CurrentVersion.targets(2412,5): warning MSB3277:         C:\Program Files (x86)\Steam\steamapps\common\Valheim\valheim_Data\Managed\UnityEngine.AndroidJNIModule.dll [C:\Users\Alon-TUF\Desktop\WIP\SimpleBackup\SimpleBackup.csproj]
C:\Program Files\dotnet\sdk\8.0.419\Microsoft.Common.CurrentVersion.targets(2412,5): warning MSB3277:           Project file item includes which caused reference "C:\Program Files (x86)\Steam\steamapps\common\Valheim\valheim_Data\Managed\UnityEngine.AndroidJNIModule.dll". [C:\Users\Alon-TUF\Desktop\WIP\SimpleBackup\SimpleBackup.csproj]
C:\Program Files\dotnet\sdk\8.0.419\Microsoft.Common.CurrentVersion.targets(2412,5): warning MSB3277:             UnityEngine [C:\Users\Alon-TUF\Desktop\WIP\SimpleBackup\SimpleBackup.csproj]
C:\Program Files\dotnet\sdk\8.0.419\Microsoft.Common.CurrentVersion.targets(2412,5): warning MSB3277:         C:\Program Files (x86)\Steam\steamapps\common\Valheim\valheim_Data\Managed\UnityEngine.MarshallingModule.dll [C:\Users\Alon-TUF\Desktop\WIP\SimpleBackup\SimpleBackup.csproj]
C:\Program Files\dotnet\sdk\8.0.419\Microsoft.Common.CurrentVersion.targets(2412,5): warning MSB3277:           Project file item includes which caused reference "C:\Program Files (x86)\Steam\steamapps\common\Valheim\valheim_Data\Managed\UnityEngine.MarshallingModule.dll". [C:\Users\Alon-TUF\Desktop\WIP\SimpleBackup\SimpleBackup.csproj]
C:\Program Files\dotnet\sdk\8.0.419\Microsoft.Common.CurrentVersion.targets(2412,5): warning MSB3277:             UnityEngine [C:\Users\Alon-TUF\Desktop\WIP\SimpleBackup\SimpleBackup.csproj]
C:\Program Files\dotnet\sdk\8.0.419\Microsoft.Common.CurrentVersion.targets(2412,5): warning MSB3277:         C:\Program Files (x86)\Steam\steamapps\common\Valheim\valheim_Data\Managed\UnityEngine.InputLegacyModule.dll [C:\Users\Alon-TUF\Desktop\WIP\SimpleBackup\SimpleBackup.csproj]
C:\Program Files\dotnet\sdk\8.0.419\Microsoft.Common.CurrentVersion.targets(2412,5): warning MSB3277:           Project file item includes which caused reference "C:\Program Files (x86)\Steam\steamapps\common\Valheim\valheim_Data\Managed\UnityEngine.InputLegacyModule.dll". [C:\Users\Alon-TUF\Desktop\WIP\SimpleBackup\SimpleBackup.csproj]
C:\Program Files\dotnet\sdk\8.0.419\Microsoft.Common.CurrentVersion.targets(2412,5): warning MSB3277:             UnityEngine [C:\Users\Alon-TUF\Desktop\WIP\SimpleBackup\SimpleBackup.csproj]
C:\Program Files\dotnet\sdk\8.0.419\Microsoft.Common.CurrentVersion.targets(2412,5): warning MSB3277:             UnityEngine.UI [C:\Users\Alon-TUF\Desktop\WIP\SimpleBackup\SimpleBackup.csproj]
C:\Program Files\dotnet\sdk\8.0.419\Microsoft.Common.CurrentVersion.targets(2412,5): warning MSB3277:             assembly_valheim [C:\Users\Alon-TUF\Desktop\WIP\SimpleBackup\SimpleBackup.csproj]
C:\Program Files\dotnet\sdk\8.0.419\Microsoft.Common.CurrentVersion.targets(2412,5): warning MSB3277:             assembly_guiutils [C:\Users\Alon-TUF\Desktop\WIP\SimpleBackup\SimpleBackup.csproj]
C:\Program Files\dotnet\sdk\8.0.419\Microsoft.Common.CurrentVersion.targets(2412,5): warning MSB3277:         C:\Program Files (x86)\Steam\steamapps\common\Valheim\valheim_Data\Managed\UnityEngine.AccessibilityModule.dll [C:\Users\Alon-TUF\Desktop\WIP\SimpleBackup\SimpleBackup.csproj]
C:\Program Files\dotnet\sdk\8.0.419\Microsoft.Common.CurrentVersion.targets(2412,5): warning MSB3277:           Project file item includes which caused reference "C:\Program Files (x86)\Steam\steamapps\common\Valheim\valheim_Data\Managed\UnityEngine.AccessibilityModule.dll". [C:\Users\Alon-TUF\Desktop\WIP\SimpleBackup\SimpleBackup.csproj]
C:\Program Files\dotnet\sdk\8.0.419\Microsoft.Common.CurrentVersion.targets(2412,5): warning MSB3277:             UnityEngine [C:\Users\Alon-TUF\Desktop\WIP\SimpleBackup\SimpleBackup.csproj]
C:\Program Files\dotnet\sdk\8.0.419\Microsoft.Common.CurrentVersion.targets(2412,5): warning MSB3277:         C:\Program Files (x86)\Steam\steamapps\common\Valheim\valheim_Data\Managed\UnityEngine.UnityConnectModule.dll [C:\Users\Alon-TUF\Desktop\WIP\SimpleBackup\SimpleBackup.csproj]
C:\Program Files\dotnet\sdk\8.0.419\Microsoft.Common.CurrentVersion.targets(2412,5): warning MSB3277:           Project file item includes which caused reference "C:\Program Files (x86)\Steam\steamapps\common\Valheim\valheim_Data\Managed\UnityEngine.UnityConnectModule.dll". [C:\Users\Alon-TUF\Desktop\WIP\SimpleBackup\SimpleBackup.csproj]
C:\Program Files\dotnet\sdk\8.0.419\Microsoft.Common.CurrentVersion.targets(2412,5): warning MSB3277:             UnityEngine [C:\Users\Alon-TUF\Desktop\WIP\SimpleBackup\SimpleBackup.csproj]
C:\Program Files\dotnet\sdk\8.0.419\Microsoft.Common.CurrentVersion.targets(2412,5): warning MSB3277:         C:\Program Files (x86)\Steam\steamapps\common\Valheim\valheim_Data\Managed\UnityEngine.AMDModule.dll [C:\Users\Alon-TUF\Desktop\WIP\SimpleBackup\SimpleBackup.csproj]
C:\Program Files\dotnet\sdk\8.0.419\Microsoft.Common.CurrentVersion.targets(2412,5): warning MSB3277:           Project file item includes which caused reference "C:\Program Files (x86)\Steam\steamapps\common\Valheim\valheim_Data\Managed\UnityEngine.AMDModule.dll". [C:\Users\Alon-TUF\Desktop\WIP\SimpleBackup\SimpleBackup.csproj]
C:\Program Files\dotnet\sdk\8.0.419\Microsoft.Common.CurrentVersion.targets(2412,5): warning MSB3277:             UnityEngine [C:\Users\Alon-TUF\Desktop\WIP\SimpleBackup\SimpleBackup.csproj]
C:\Program Files\dotnet\sdk\8.0.419\Microsoft.Common.CurrentVersion.targets(2412,5): warning MSB3277:         C:\Program Files (x86)\Steam\steamapps\common\Valheim\valheim_Data\Managed\UnityEngine.UnityAnalyticsModule.dll [C:\Users\Alon-TUF\Desktop\WIP\SimpleBackup\SimpleBackup.csproj]
C:\Program Files\dotnet\sdk\8.0.419\Microsoft.Common.CurrentVersion.targets(2412,5): warning MSB3277:           Project file item includes which caused reference "C:\Program Files (x86)\Steam\steamapps\common\Valheim\valheim_Data\Managed\UnityEngine.UnityAnalyticsModule.dll". [C:\Users\Alon-TUF\Desktop\WIP\SimpleBackup\SimpleBackup.csproj]
C:\Program Files\dotnet\sdk\8.0.419\Microsoft.Common.CurrentVersion.targets(2412,5): warning MSB3277:             UnityEngine [C:\Users\Alon-TUF\Desktop\WIP\SimpleBackup\SimpleBackup.csproj]
C:\Program Files\dotnet\sdk\8.0.419\Microsoft.Common.CurrentVersion.targets(2412,5): warning MSB3277:         C:\Program Files (x86)\Steam\steamapps\common\Valheim\valheim_Data\Managed\UnityEngine.PerformanceReportingModule.dll [C:\Users\Alon-TUF\Desktop\WIP\SimpleBackup\SimpleBackup.csproj]
C:\Program Files\dotnet\sdk\8.0.419\Microsoft.Common.CurrentVersion.targets(2412,5): warning MSB3277:           Project file item includes which caused reference "C:\Program Files (x86)\Steam\steamapps\common\Valheim\valheim_Data\Managed\UnityEngine.PerformanceReportingModule.dll". [C:\Users\Alon-TUF\Desktop\WIP\SimpleBackup\SimpleBackup.csproj]
C:\Program Files\dotnet\sdk\8.0.419\Microsoft.Common.CurrentVersion.targets(2412,5): warning MSB3277:             UnityEngine [C:\Users\Alon-TUF\Desktop\WIP\SimpleBackup\SimpleBackup.csproj]
C:\Program Files\dotnet\sdk\8.0.419\Microsoft.Common.CurrentVersion.targets(2412,5): warning MSB3277:         C:\Program Files (x86)\Steam\steamapps\common\Valheim\valheim_Data\Managed\UnityEngine.Physics2DModule.dll [C:\Users\Alon-TUF\Desktop\WIP\SimpleBackup\SimpleBackup.csproj]
C:\Program Files\dotnet\sdk\8.0.419\Microsoft.Common.CurrentVersion.targets(2412,5): warning MSB3277:           Project file item includes which caused reference "C:\Program Files (x86)\Steam\steamapps\common\Valheim\valheim_Data\Managed\UnityEngine.Physics2DModule.dll". [C:\Users\Alon-TUF\Desktop\WIP\SimpleBackup\SimpleBackup.csproj]
C:\Program Files\dotnet\sdk\8.0.419\Microsoft.Common.CurrentVersion.targets(2412,5): warning MSB3277:             UnityEngine [C:\Users\Alon-TUF\Desktop\WIP\SimpleBackup\SimpleBackup.csproj]
C:\Program Files\dotnet\sdk\8.0.419\Microsoft.Common.CurrentVersion.targets(2412,5): warning MSB3277:             UnityEngine.UI [C:\Users\Alon-TUF\Desktop\WIP\SimpleBackup\SimpleBackup.csproj]
C:\Program Files\dotnet\sdk\8.0.419\Microsoft.Common.CurrentVersion.targets(2412,5): warning MSB3277:             assembly_valheim [C:\Users\Alon-TUF\Desktop\WIP\SimpleBackup\SimpleBackup.csproj]
C:\Program Files\dotnet\sdk\8.0.419\Microsoft.Common.CurrentVersion.targets(2412,5): warning MSB3277:             assembly_guiutils [C:\Users\Alon-TUF\Desktop\WIP\SimpleBackup\SimpleBackup.csproj]
C:\Program Files\dotnet\sdk\8.0.419\Microsoft.Common.CurrentVersion.targets(2412,5): warning MSB3277:         C:\Program Files (x86)\Steam\steamapps\common\Valheim\valheim_Data\Managed\UnityEngine.AssetBundleModule.dll [C:\Users\Alon-TUF\Desktop\WIP\SimpleBackup\SimpleBackup.csproj]
C:\Program Files\dotnet\sdk\8.0.419\Microsoft.Common.CurrentVersion.targets(2412,5): warning MSB3277:           Project file item includes which caused reference "C:\Program Files (x86)\Steam\steamapps\common\Valheim\valheim_Data\Managed\UnityEngine.AssetBundleModule.dll". [C:\Users\Alon-TUF\Desktop\WIP\SimpleBackup\SimpleBackup.csproj]
C:\Program Files\dotnet\sdk\8.0.419\Microsoft.Common.CurrentVersion.targets(2412,5): warning MSB3277:             UnityEngine [C:\Users\Alon-TUF\Desktop\WIP\SimpleBackup\SimpleBackup.csproj]
C:\Program Files\dotnet\sdk\8.0.419\Microsoft.Common.CurrentVersion.targets(2412,5): warning MSB3277:             assembly_valheim [C:\Users\Alon-TUF\Desktop\WIP\SimpleBackup\SimpleBackup.csproj]
C:\Program Files\dotnet\sdk\8.0.419\Microsoft.Common.CurrentVersion.targets(2412,5): warning MSB3277:         C:\Program Files (x86)\Steam\steamapps\common\Valheim\valheim_Data\Managed\UnityEngine.SharedInternalsModule.dll [C:\Users\Alon-TUF\Desktop\WIP\SimpleBackup\SimpleBackup.csproj]
C:\Program Files\dotnet\sdk\8.0.419\Microsoft.Common.CurrentVersion.targets(2412,5): warning MSB3277:           Project file item includes which caused reference "C:\Program Files (x86)\Steam\steamapps\common\Valheim\valheim_Data\Managed\UnityEngine.SharedInternalsModule.dll". [C:\Users\Alon-TUF\Desktop\WIP\SimpleBackup\SimpleBackup.csproj]
C:\Program Files\dotnet\sdk\8.0.419\Microsoft.Common.CurrentVersion.targets(2412,5): warning MSB3277:             UnityEngine [C:\Users\Alon-TUF\Desktop\WIP\SimpleBackup\SimpleBackup.csproj]
C:\Program Files\dotnet\sdk\8.0.419\Microsoft.Common.CurrentVersion.targets(2412,5): warning MSB3277:             UnityEngine.CoreModule [C:\Users\Alon-TUF\Desktop\WIP\SimpleBackup\SimpleBackup.csproj]
C:\Program Files\dotnet\sdk\8.0.419\Microsoft.Common.CurrentVersion.targets(2412,5): warning MSB3277:             assembly_valheim [C:\Users\Alon-TUF\Desktop\WIP\SimpleBackup\SimpleBackup.csproj]
C:\Program Files\dotnet\sdk\8.0.419\Microsoft.Common.CurrentVersion.targets(2412,5): warning MSB3277:             assembly_guiutils [C:\Users\Alon-TUF\Desktop\WIP\SimpleBackup\SimpleBackup.csproj]
C:\Program Files\dotnet\sdk\8.0.419\Microsoft.Common.CurrentVersion.targets(2412,5): warning MSB3277:             UnityEngine.UI [C:\Users\Alon-TUF\Desktop\WIP\SimpleBackup\SimpleBackup.csproj]
C:\Program Files\dotnet\sdk\8.0.419\Microsoft.Common.CurrentVersion.targets(2412,5): warning MSB3277:         C:\Program Files (x86)\Steam\steamapps\common\Valheim\valheim_Data\Managed\UnityEngine.TextRenderingModule.dll [C:\Users\Alon-TUF\Desktop\WIP\SimpleBackup\SimpleBackup.csproj]
C:\Program Files\dotnet\sdk\8.0.419\Microsoft.Common.CurrentVersion.targets(2412,5): warning MSB3277:           Project file item includes which caused reference "C:\Program Files (x86)\Steam\steamapps\common\Valheim\valheim_Data\Managed\UnityEngine.TextRenderingModule.dll". [C:\Users\Alon-TUF\Desktop\WIP\SimpleBackup\SimpleBackup.csproj]
C:\Program Files\dotnet\sdk\8.0.419\Microsoft.Common.CurrentVersion.targets(2412,5): warning MSB3277:             UnityEngine [C:\Users\Alon-TUF\Desktop\WIP\SimpleBackup\SimpleBackup.csproj]
C:\Program Files\dotnet\sdk\8.0.419\Microsoft.Common.CurrentVersion.targets(2412,5): warning MSB3277:             UnityEngine.UI [C:\Users\Alon-TUF\Desktop\WIP\SimpleBackup\SimpleBackup.csproj]
C:\Program Files\dotnet\sdk\8.0.419\Microsoft.Common.CurrentVersion.targets(2412,5): warning MSB3277:             assembly_valheim [C:\Users\Alon-TUF\Desktop\WIP\SimpleBackup\SimpleBackup.csproj]
C:\Program Files\dotnet\sdk\8.0.419\Microsoft.Common.CurrentVersion.targets(2412,5): warning MSB3277:             assembly_guiutils [C:\Users\Alon-TUF\Desktop\WIP\SimpleBackup\SimpleBackup.csproj]
C:\Program Files\dotnet\sdk\8.0.419\Microsoft.Common.CurrentVersion.targets(2412,5): warning MSB3277:         C:\Program Files (x86)\Steam\steamapps\common\Valheim\valheim_Data\Managed\UnityEngine.ClusterInputModule.dll [C:\Users\Alon-TUF\Desktop\WIP\SimpleBackup\SimpleBackup.csproj]
C:\Program Files\dotnet\sdk\8.0.419\Microsoft.Common.CurrentVersion.targets(2412,5): warning MSB3277:           Project file item includes which caused reference "C:\Program Files (x86)\Steam\steamapps\common\Valheim\valheim_Data\Managed\UnityEngine.ClusterInputModule.dll". [C:\Users\Alon-TUF\Desktop\WIP\SimpleBackup\SimpleBackup.csproj]
C:\Program Files\dotnet\sdk\8.0.419\Microsoft.Common.CurrentVersion.targets(2412,5): warning MSB3277:             UnityEngine [C:\Users\Alon-TUF\Desktop\WIP\SimpleBackup\SimpleBackup.csproj]
C:\Program Files\dotnet\sdk\8.0.419\Microsoft.Common.CurrentVersion.targets(2412,5): warning MSB3277:         C:\Program Files (x86)\Steam\steamapps\common\Valheim\valheim_Data\Managed\UnityEngine.ClusterRendererModule.dll [C:\Users\Alon-TUF\Desktop\WIP\SimpleBackup\SimpleBackup.csproj]
C:\Program Files\dotnet\sdk\8.0.419\Microsoft.Common.CurrentVersion.targets(2412,5): warning MSB3277:           Project file item includes which caused reference "C:\Program Files (x86)\Steam\steamapps\common\Valheim\valheim_Data\Managed\UnityEngine.ClusterRendererModule.dll". [C:\Users\Alon-TUF\Desktop\WIP\SimpleBackup\SimpleBackup.csproj]
C:\Program Files\dotnet\sdk\8.0.419\Microsoft.Common.CurrentVersion.targets(2412,5): warning MSB3277:             UnityEngine [C:\Users\Alon-TUF\Desktop\WIP\SimpleBackup\SimpleBackup.csproj]
C:\Program Files\dotnet\sdk\8.0.419\Microsoft.Common.CurrentVersion.targets(2412,5): warning MSB3277:         C:\Program Files (x86)\Steam\steamapps\common\Valheim\valheim_Data\Managed\UnityEngine.CrashReportingModule.dll [C:\Users\Alon-TUF\Desktop\WIP\SimpleBackup\SimpleBackup.csproj]
C:\Program Files\dotnet\sdk\8.0.419\Microsoft.Common.CurrentVersion.targets(2412,5): warning MSB3277:           Project file item includes which caused reference "C:\Program Files (x86)\Steam\steamapps\common\Valheim\valheim_Data\Managed\UnityEngine.CrashReportingModule.dll". [C:\Users\Alon-TUF\Desktop\WIP\SimpleBackup\SimpleBackup.csproj]
C:\Program Files\dotnet\sdk\8.0.419\Microsoft.Common.CurrentVersion.targets(2412,5): warning MSB3277:             UnityEngine [C:\Users\Alon-TUF\Desktop\WIP\SimpleBackup\SimpleBackup.csproj]
C:\Program Files\dotnet\sdk\8.0.419\Microsoft.Common.CurrentVersion.targets(2412,5): warning MSB3277:         C:\Program Files (x86)\Steam\steamapps\common\Valheim\valheim_Data\Managed\UnityEngine.TilemapModule.dll [C:\Users\Alon-TUF\Desktop\WIP\SimpleBackup\SimpleBackup.csproj]
C:\Program Files\dotnet\sdk\8.0.419\Microsoft.Common.CurrentVersion.targets(2412,5): warning MSB3277:           Project file item includes which caused reference "C:\Program Files (x86)\Steam\steamapps\common\Valheim\valheim_Data\Managed\UnityEngine.TilemapModule.dll". [C:\Users\Alon-TUF\Desktop\WIP\SimpleBackup\SimpleBackup.csproj]
C:\Program Files\dotnet\sdk\8.0.419\Microsoft.Common.CurrentVersion.targets(2412,5): warning MSB3277:             UnityEngine [C:\Users\Alon-TUF\Desktop\WIP\SimpleBackup\SimpleBackup.csproj]
C:\Program Files\dotnet\sdk\8.0.419\Microsoft.Common.CurrentVersion.targets(2412,5): warning MSB3277:             UnityEngine.UI [C:\Users\Alon-TUF\Desktop\WIP\SimpleBackup\SimpleBackup.csproj]
C:\Program Files\dotnet\sdk\8.0.419\Microsoft.Common.CurrentVersion.targets(2412,5): warning MSB3277:             assembly_valheim [C:\Users\Alon-TUF\Desktop\WIP\SimpleBackup\SimpleBackup.csproj]
C:\Program Files\dotnet\sdk\8.0.419\Microsoft.Common.CurrentVersion.targets(2412,5): warning MSB3277:             assembly_guiutils [C:\Users\Alon-TUF\Desktop\WIP\SimpleBackup\SimpleBackup.csproj]
C:\Program Files\dotnet\sdk\8.0.419\Microsoft.Common.CurrentVersion.targets(2412,5): warning MSB3277:         C:\Program Files (x86)\Steam\steamapps\common\Valheim\valheim_Data\Managed\UnityEngine.TerrainModule.dll [C:\Users\Alon-TUF\Desktop\WIP\SimpleBackup\SimpleBackup.csproj]
C:\Program Files\dotnet\sdk\8.0.419\Microsoft.Common.CurrentVersion.targets(2412,5): warning MSB3277:           Project file item includes which caused reference "C:\Program Files (x86)\Steam\steamapps\common\Valheim\valheim_Data\Managed\UnityEngine.TerrainModule.dll". [C:\Users\Alon-TUF\Desktop\WIP\SimpleBackup\SimpleBackup.csproj]
C:\Program Files\dotnet\sdk\8.0.419\Microsoft.Common.CurrentVersion.targets(2412,5): warning MSB3277:             UnityEngine [C:\Users\Alon-TUF\Desktop\WIP\SimpleBackup\SimpleBackup.csproj]
C:\Program Files\dotnet\sdk\8.0.419\Microsoft.Common.CurrentVersion.targets(2412,5): warning MSB3277:         C:\Program Files (x86)\Steam\steamapps\common\Valheim\valheim_Data\Managed\UnityEngine.VFXModule.dll [C:\Users\Alon-TUF\Desktop\WIP\SimpleBackup\SimpleBackup.csproj]
C:\Program Files\dotnet\sdk\8.0.419\Microsoft.Common.CurrentVersion.targets(2412,5): warning MSB3277:           Project file item includes which caused reference "C:\Program Files (x86)\Steam\steamapps\common\Valheim\valheim_Data\Managed\UnityEngine.VFXModule.dll". [C:\Users\Alon-TUF\Desktop\WIP\SimpleBackup\SimpleBackup.csproj]
C:\Program Files\dotnet\sdk\8.0.419\Microsoft.Common.CurrentVersion.targets(2412,5): warning MSB3277:             UnityEngine [C:\Users\Alon-TUF\Desktop\WIP\SimpleBackup\SimpleBackup.csproj]
C:\Program Files\dotnet\sdk\8.0.419\Microsoft.Common.CurrentVersion.targets(2412,5): warning MSB3277:         C:\Program Files (x86)\Steam\steamapps\common\Valheim\valheim_Data\Managed\UnityEngine.VideoModule.dll [C:\Users\Alon-TUF\Desktop\WIP\SimpleBackup\SimpleBackup.csproj]
C:\Program Files\dotnet\sdk\8.0.419\Microsoft.Common.CurrentVersion.targets(2412,5): warning MSB3277:           Project file item includes which caused reference "C:\Program Files (x86)\Steam\steamapps\common\Valheim\valheim_Data\Managed\UnityEngine.VideoModule.dll". [C:\Users\Alon-TUF\Desktop\WIP\SimpleBackup\SimpleBackup.csproj]
C:\Program Files\dotnet\sdk\8.0.419\Microsoft.Common.CurrentVersion.targets(2412,5): warning MSB3277:             UnityEngine [C:\Users\Alon-TUF\Desktop\WIP\SimpleBackup\SimpleBackup.csproj]
C:\Program Files\dotnet\sdk\8.0.419\Microsoft.Common.CurrentVersion.targets(2412,5): warning MSB3277:         C:\Program Files (x86)\Steam\steamapps\common\Valheim\valheim_Data\Managed\UnityEngine.VRModule.dll [C:\Users\Alon-TUF\Desktop\WIP\SimpleBackup\SimpleBackup.csproj]
C:\Program Files\dotnet\sdk\8.0.419\Microsoft.Common.CurrentVersion.targets(2412,5): warning MSB3277:           Project file item includes which caused reference "C:\Program Files (x86)\Steam\steamapps\common\Valheim\valheim_Data\Managed\UnityEngine.VRModule.dll". [C:\Users\Alon-TUF\Desktop\WIP\SimpleBackup\SimpleBackup.csproj]
C:\Program Files\dotnet\sdk\8.0.419\Microsoft.Common.CurrentVersion.targets(2412,5): warning MSB3277:             UnityEngine [C:\Users\Alon-TUF\Desktop\WIP\SimpleBackup\SimpleBackup.csproj]
C:\Program Files\dotnet\sdk\8.0.419\Microsoft.Common.CurrentVersion.targets(2412,5): warning MSB3277:             assembly_valheim [C:\Users\Alon-TUF\Desktop\WIP\SimpleBackup\SimpleBackup.csproj]
C:\Program Files\dotnet\sdk\8.0.419\Microsoft.Common.CurrentVersion.targets(2412,5): warning MSB3277:             assembly_guiutils [C:\Users\Alon-TUF\Desktop\WIP\SimpleBackup\SimpleBackup.csproj]
C:\Program Files\dotnet\sdk\8.0.419\Microsoft.Common.CurrentVersion.targets(2412,5): warning MSB3277:         C:\Program Files (x86)\Steam\steamapps\common\Valheim\valheim_Data\Managed\UnityEngine.GridModule.dll [C:\Users\Alon-TUF\Desktop\WIP\SimpleBackup\SimpleBackup.csproj]
C:\Program Files\dotnet\sdk\8.0.419\Microsoft.Common.CurrentVersion.targets(2412,5): warning MSB3277:           Project file item includes which caused reference "C:\Program Files (x86)\Steam\steamapps\common\Valheim\valheim_Data\Managed\UnityEngine.GridModule.dll". [C:\Users\Alon-TUF\Desktop\WIP\SimpleBackup\SimpleBackup.csproj]
C:\Program Files\dotnet\sdk\8.0.419\Microsoft.Common.CurrentVersion.targets(2412,5): warning MSB3277:             UnityEngine [C:\Users\Alon-TUF\Desktop\WIP\SimpleBackup\SimpleBackup.csproj]
C:\Program Files\dotnet\sdk\8.0.419\Microsoft.Common.CurrentVersion.targets(2412,5): warning MSB3277:             UnityEngine.UI [C:\Users\Alon-TUF\Desktop\WIP\SimpleBackup\SimpleBackup.csproj]
C:\Program Files\dotnet\sdk\8.0.419\Microsoft.Common.CurrentVersion.targets(2412,5): warning MSB3277:             assembly_valheim [C:\Users\Alon-TUF\Desktop\WIP\SimpleBackup\SimpleBackup.csproj]
C:\Program Files\dotnet\sdk\8.0.419\Microsoft.Common.CurrentVersion.targets(2412,5): warning MSB3277:             assembly_guiutils [C:\Users\Alon-TUF\Desktop\WIP\SimpleBackup\SimpleBackup.csproj]
C:\Program Files\dotnet\sdk\8.0.419\Microsoft.Common.CurrentVersion.targets(2412,5): warning MSB3277:         C:\Program Files (x86)\Steam\steamapps\common\Valheim\valheim_Data\Managed\UnityEngine.InputForUIModule.dll [C:\Users\Alon-TUF\Desktop\WIP\SimpleBackup\SimpleBackup.csproj]
C:\Program Files\dotnet\sdk\8.0.419\Microsoft.Common.CurrentVersion.targets(2412,5): warning MSB3277:           Project file item includes which caused reference "C:\Program Files (x86)\Steam\steamapps\common\Valheim\valheim_Data\Managed\UnityEngine.InputForUIModule.dll". [C:\Users\Alon-TUF\Desktop\WIP\SimpleBackup\SimpleBackup.csproj]
C:\Program Files\dotnet\sdk\8.0.419\Microsoft.Common.CurrentVersion.targets(2412,5): warning MSB3277:             UnityEngine [C:\Users\Alon-TUF\Desktop\WIP\SimpleBackup\SimpleBackup.csproj]
C:\Program Files\dotnet\sdk\8.0.419\Microsoft.Common.CurrentVersion.targets(2412,5): warning MSB3277:             UnityEngine.UI [C:\Users\Alon-TUF\Desktop\WIP\SimpleBackup\SimpleBackup.csproj]
C:\Program Files\dotnet\sdk\8.0.419\Microsoft.Common.CurrentVersion.targets(2412,5): warning MSB3277:             assembly_valheim [C:\Users\Alon-TUF\Desktop\WIP\SimpleBackup\SimpleBackup.csproj]
C:\Program Files\dotnet\sdk\8.0.419\Microsoft.Common.CurrentVersion.targets(2412,5): warning MSB3277:             assembly_guiutils [C:\Users\Alon-TUF\Desktop\WIP\SimpleBackup\SimpleBackup.csproj]
C:\Program Files\dotnet\sdk\8.0.419\Microsoft.Common.CurrentVersion.targets(2412,5): warning MSB3277:         C:\Program Files (x86)\Steam\steamapps\common\Valheim\valheim_Data\Managed\UnityEngine.SubsystemsModule.dll [C:\Users\Alon-TUF\Desktop\WIP\SimpleBackup\SimpleBackup.csproj]
C:\Program Files\dotnet\sdk\8.0.419\Microsoft.Common.CurrentVersion.targets(2412,5): warning MSB3277:           Project file item includes which caused reference "C:\Program Files (x86)\Steam\steamapps\common\Valheim\valheim_Data\Managed\UnityEngine.SubsystemsModule.dll". [C:\Users\Alon-TUF\Desktop\WIP\SimpleBackup\SimpleBackup.csproj]
C:\Program Files\dotnet\sdk\8.0.419\Microsoft.Common.CurrentVersion.targets(2412,5): warning MSB3277:             UnityEngine [C:\Users\Alon-TUF\Desktop\WIP\SimpleBackup\SimpleBackup.csproj]
C:\Program Files\dotnet\sdk\8.0.419\Microsoft.Common.CurrentVersion.targets(2412,5): warning MSB3277:             assembly_valheim [C:\Users\Alon-TUF\Desktop\WIP\SimpleBackup\SimpleBackup.csproj]
C:\Program Files\dotnet\sdk\8.0.419\Microsoft.Common.CurrentVersion.targets(2412,5): warning MSB3277:             assembly_guiutils [C:\Users\Alon-TUF\Desktop\WIP\SimpleBackup\SimpleBackup.csproj]
C:\Program Files\dotnet\sdk\8.0.419\Microsoft.Common.CurrentVersion.targets(2412,5): warning MSB3277:         C:\Program Files (x86)\Steam\steamapps\common\Valheim\valheim_Data\Managed\UnityEngine.JSONSerializeModule.dll [C:\Users\Alon-TUF\Desktop\WIP\SimpleBackup\SimpleBackup.csproj]
C:\Program Files\dotnet\sdk\8.0.419\Microsoft.Common.CurrentVersion.targets(2412,5): warning MSB3277:           Project file item includes which caused reference "C:\Program Files (x86)\Steam\steamapps\common\Valheim\valheim_Data\Managed\UnityEngine.JSONSerializeModule.dll". [C:\Users\Alon-TUF\Desktop\WIP\SimpleBackup\SimpleBackup.csproj]
C:\Program Files\dotnet\sdk\8.0.419\Microsoft.Common.CurrentVersion.targets(2412,5): warning MSB3277:             UnityEngine [C:\Users\Alon-TUF\Desktop\WIP\SimpleBackup\SimpleBackup.csproj]
C:\Program Files\dotnet\sdk\8.0.419\Microsoft.Common.CurrentVersion.targets(2412,5): warning MSB3277:             UnityEngine.UI [C:\Users\Alon-TUF\Desktop\WIP\SimpleBackup\SimpleBackup.csproj]
C:\Program Files\dotnet\sdk\8.0.419\Microsoft.Common.CurrentVersion.targets(2412,5): warning MSB3277:             assembly_valheim [C:\Users\Alon-TUF\Desktop\WIP\SimpleBackup\SimpleBackup.csproj]
C:\Program Files\dotnet\sdk\8.0.419\Microsoft.Common.CurrentVersion.targets(2412,5): warning MSB3277:             assembly_guiutils [C:\Users\Alon-TUF\Desktop\WIP\SimpleBackup\SimpleBackup.csproj]
C:\Program Files\dotnet\sdk\8.0.419\Microsoft.Common.CurrentVersion.targets(2412,5): warning MSB3277:         C:\Program Files (x86)\Steam\steamapps\common\Valheim\valheim_Data\Managed\UnityEngine.LocalizationModule.dll [C:\Users\Alon-TUF\Desktop\WIP\SimpleBackup\SimpleBackup.csproj]
C:\Program Files\dotnet\sdk\8.0.419\Microsoft.Common.CurrentVersion.targets(2412,5): warning MSB3277:           Project file item includes which caused reference "C:\Program Files (x86)\Steam\steamapps\common\Valheim\valheim_Data\Managed\UnityEngine.LocalizationModule.dll". [C:\Users\Alon-TUF\Desktop\WIP\SimpleBackup\SimpleBackup.csproj]
C:\Program Files\dotnet\sdk\8.0.419\Microsoft.Common.CurrentVersion.targets(2412,5): warning MSB3277:             UnityEngine [C:\Users\Alon-TUF\Desktop\WIP\SimpleBackup\SimpleBackup.csproj]
C:\Program Files\dotnet\sdk\8.0.419\Microsoft.Common.CurrentVersion.targets(2412,5): warning MSB3277:         C:\Program Files (x86)\Steam\steamapps\common\Valheim\valheim_Data\Managed\UnityEngine.MultiplayerModule.dll [C:\Users\Alon-TUF\Desktop\WIP\SimpleBackup\SimpleBackup.csproj]
C:\Program Files\dotnet\sdk\8.0.419\Microsoft.Common.CurrentVersion.targets(2412,5): warning MSB3277:           Project file item includes which caused reference "C:\Program Files (x86)\Steam\steamapps\common\Valheim\valheim_Data\Managed\UnityEngine.MultiplayerModule.dll". [C:\Users\Alon-TUF\Desktop\WIP\SimpleBackup\SimpleBackup.csproj]
C:\Program Files\dotnet\sdk\8.0.419\Microsoft.Common.CurrentVersion.targets(2412,5): warning MSB3277:             UnityEngine [C:\Users\Alon-TUF\Desktop\WIP\SimpleBackup\SimpleBackup.csproj]
C:\Program Files\dotnet\sdk\8.0.419\Microsoft.Common.CurrentVersion.targets(2412,5): warning MSB3277:         C:\Program Files (x86)\Steam\steamapps\common\Valheim\valheim_Data\Managed\UnityEngine.UnityWebRequestAssetBundleModule.dll [C:\Users\Alon-TUF\Desktop\WIP\SimpleBackup\SimpleBackup.csproj]
C:\Program Files\dotnet\sdk\8.0.419\Microsoft.Common.CurrentVersion.targets(2412,5): warning MSB3277:           Project file item includes which caused reference "C:\Program Files (x86)\Steam\steamapps\common\Valheim\valheim_Data\Managed\UnityEngine.UnityWebRequestAssetBundleModule.dll". [C:\Users\Alon-TUF\Desktop\WIP\SimpleBackup\SimpleBackup.csproj]
C:\Program Files\dotnet\sdk\8.0.419\Microsoft.Common.CurrentVersion.targets(2412,5): warning MSB3277:             UnityEngine [C:\Users\Alon-TUF\Desktop\WIP\SimpleBackup\SimpleBackup.csproj]
C:\Program Files\dotnet\sdk\8.0.419\Microsoft.Common.CurrentVersion.targets(2412,5): warning MSB3277:             assembly_valheim [C:\Users\Alon-TUF\Desktop\WIP\SimpleBackup\SimpleBackup.csproj]
C:\Program Files\dotnet\sdk\8.0.419\Microsoft.Common.CurrentVersion.targets(2412,5): warning MSB3277:         C:\Program Files (x86)\Steam\steamapps\common\Valheim\valheim_Data\Managed\UnityEngine.UnityWebRequestAudioModule.dll [C:\Users\Alon-TUF\Desktop\WIP\SimpleBackup\SimpleBackup.csproj]
C:\Program Files\dotnet\sdk\8.0.419\Microsoft.Common.CurrentVersion.targets(2412,5): warning MSB3277:           Project file item includes which caused reference "C:\Program Files (x86)\Steam\steamapps\common\Valheim\valheim_Data\Managed\UnityEngine.UnityWebRequestAudioModule.dll". [C:\Users\Alon-TUF\Desktop\WIP\SimpleBackup\SimpleBackup.csproj]
C:\Program Files\dotnet\sdk\8.0.419\Microsoft.Common.CurrentVersion.targets(2412,5): warning MSB3277:             UnityEngine [C:\Users\Alon-TUF\Desktop\WIP\SimpleBackup\SimpleBackup.csproj]
C:\Program Files\dotnet\sdk\8.0.419\Microsoft.Common.CurrentVersion.targets(2412,5): warning MSB3277:         C:\Program Files (x86)\Steam\steamapps\common\Valheim\valheim_Data\Managed\UnityEngine.UnityWebRequestWWWModule.dll [C:\Users\Alon-TUF\Desktop\WIP\SimpleBackup\SimpleBackup.csproj]
C:\Program Files\dotnet\sdk\8.0.419\Microsoft.Common.CurrentVersion.targets(2412,5): warning MSB3277:           Project file item includes which caused reference "C:\Program Files (x86)\Steam\steamapps\common\Valheim\valheim_Data\Managed\UnityEngine.UnityWebRequestWWWModule.dll". [C:\Users\Alon-TUF\Desktop\WIP\SimpleBackup\SimpleBackup.csproj]
C:\Program Files\dotnet\sdk\8.0.419\Microsoft.Common.CurrentVersion.targets(2412,5): warning MSB3277:             UnityEngine [C:\Users\Alon-TUF\Desktop\WIP\SimpleBackup\SimpleBackup.csproj]
C:\Program Files\dotnet\sdk\8.0.419\Microsoft.Common.CurrentVersion.targets(2412,5): warning MSB3277:             assembly_valheim [C:\Users\Alon-TUF\Desktop\WIP\SimpleBackup\SimpleBackup.csproj]
C:\Program Files\dotnet\sdk\8.0.419\Microsoft.Common.CurrentVersion.targets(2412,5): warning MSB3277:         C:\Program Files (x86)\Steam\steamapps\common\Valheim\valheim_Data\Managed\UnityEngine.NVIDIAModule.dll [C:\Users\Alon-TUF\Desktop\WIP\SimpleBackup\SimpleBackup.csproj]
C:\Program Files\dotnet\sdk\8.0.419\Microsoft.Common.CurrentVersion.targets(2412,5): warning MSB3277:           Project file item includes which caused reference "C:\Program Files (x86)\Steam\steamapps\common\Valheim\valheim_Data\Managed\UnityEngine.NVIDIAModule.dll". [C:\Users\Alon-TUF\Desktop\WIP\SimpleBackup\SimpleBackup.csproj]
C:\Program Files\dotnet\sdk\8.0.419\Microsoft.Common.CurrentVersion.targets(2412,5): warning MSB3277:             UnityEngine [C:\Users\Alon-TUF\Desktop\WIP\SimpleBackup\SimpleBackup.csproj]
C:\Program Files\dotnet\sdk\8.0.419\Microsoft.Common.CurrentVersion.targets(2412,5): warning MSB3277:         C:\Program Files (x86)\Steam\steamapps\common\Valheim\valheim_Data\Managed\UnityEngine.DirectorModule.dll [C:\Users\Alon-TUF\Desktop\WIP\SimpleBackup\SimpleBackup.csproj]
C:\Program Files\dotnet\sdk\8.0.419\Microsoft.Common.CurrentVersion.targets(2412,5): warning MSB3277:           Project file item includes which caused reference "C:\Program Files (x86)\Steam\steamapps\common\Valheim\valheim_Data\Managed\UnityEngine.DirectorModule.dll". [C:\Users\Alon-TUF\Desktop\WIP\SimpleBackup\SimpleBackup.csproj]
C:\Program Files\dotnet\sdk\8.0.419\Microsoft.Common.CurrentVersion.targets(2412,5): warning MSB3277:             UnityEngine [C:\Users\Alon-TUF\Desktop\WIP\SimpleBackup\SimpleBackup.csproj]
C:\Program Files\dotnet\sdk\8.0.419\Microsoft.Common.CurrentVersion.targets(2412,5): warning MSB3277:         C:\Program Files (x86)\Steam\steamapps\common\Valheim\valheim_Data\Managed\UnityEngine.VirtualTexturingModule.dll [C:\Users\Alon-TUF\Desktop\WIP\SimpleBackup\SimpleBackup.csproj]
C:\Program Files\dotnet\sdk\8.0.419\Microsoft.Common.CurrentVersion.targets(2412,5): warning MSB3277:           Project file item includes which caused reference "C:\Program Files (x86)\Steam\steamapps\common\Valheim\valheim_Data\Managed\UnityEngine.VirtualTexturingModule.dll". [C:\Users\Alon-TUF\Desktop\WIP\SimpleBackup\SimpleBackup.csproj]
C:\Program Files\dotnet\sdk\8.0.419\Microsoft.Common.CurrentVersion.targets(2412,5): warning MSB3277:             UnityEngine [C:\Users\Alon-TUF\Desktop\WIP\SimpleBackup\SimpleBackup.csproj]
C:\Program Files\dotnet\sdk\8.0.419\Microsoft.Common.CurrentVersion.targets(2412,5): warning MSB3277:         C:\Program Files (x86)\Steam\steamapps\common\Valheim\valheim_Data\Managed\UnityEngine.GameCenterModule.dll [C:\Users\Alon-TUF\Desktop\WIP\SimpleBackup\SimpleBackup.csproj]
C:\Program Files\dotnet\sdk\8.0.419\Microsoft.Common.CurrentVersion.targets(2412,5): warning MSB3277:           Project file item includes which caused reference "C:\Program Files (x86)\Steam\steamapps\common\Valheim\valheim_Data\Managed\UnityEngine.GameCenterModule.dll". [C:\Users\Alon-TUF\Desktop\WIP\SimpleBackup\SimpleBackup.csproj]
C:\Program Files\dotnet\sdk\8.0.419\Microsoft.Common.CurrentVersion.targets(2412,5): warning MSB3277:             UnityEngine [C:\Users\Alon-TUF\Desktop\WIP\SimpleBackup\SimpleBackup.csproj]
C:\Program Files\dotnet\sdk\8.0.419\Microsoft.Common.CurrentVersion.targets(2412,5): warning MSB3277:         C:\Program Files (x86)\Steam\steamapps\common\Valheim\valheim_Data\Managed\UnityEngine.SpriteMaskModule.dll [C:\Users\Alon-TUF\Desktop\WIP\SimpleBackup\SimpleBackup.csproj]
C:\Program Files\dotnet\sdk\8.0.419\Microsoft.Common.CurrentVersion.targets(2412,5): warning MSB3277:           Project file item includes which caused reference "C:\Program Files (x86)\Steam\steamapps\common\Valheim\valheim_Data\Managed\UnityEngine.SpriteMaskModule.dll". [C:\Users\Alon-TUF\Desktop\WIP\SimpleBackup\SimpleBackup.csproj]
C:\Program Files\dotnet\sdk\8.0.419\Microsoft.Common.CurrentVersion.targets(2412,5): warning MSB3277:             UnityEngine [C:\Users\Alon-TUF\Desktop\WIP\SimpleBackup\SimpleBackup.csproj]
C:\Program Files\dotnet\sdk\8.0.419\Microsoft.Common.CurrentVersion.targets(2412,5): warning MSB3277:         C:\Program Files (x86)\Steam\steamapps\common\Valheim\valheim_Data\Managed\UnityEngine.StreamingModule.dll [C:\Users\Alon-TUF\Desktop\WIP\SimpleBackup\SimpleBackup.csproj]
C:\Program Files\dotnet\sdk\8.0.419\Microsoft.Common.CurrentVersion.targets(2412,5): warning MSB3277:           Project file item includes which caused reference "C:\Program Files (x86)\Steam\steamapps\common\Valheim\valheim_Data\Managed\UnityEngine.StreamingModule.dll". [C:\Users\Alon-TUF\Desktop\WIP\SimpleBackup\SimpleBackup.csproj]
C:\Program Files\dotnet\sdk\8.0.419\Microsoft.Common.CurrentVersion.targets(2412,5): warning MSB3277:             UnityEngine [C:\Users\Alon-TUF\Desktop\WIP\SimpleBackup\SimpleBackup.csproj]
C:\Program Files\dotnet\sdk\8.0.419\Microsoft.Common.CurrentVersion.targets(2412,5): warning MSB3277:         C:\Program Files (x86)\Steam\steamapps\common\Valheim\valheim_Data\Managed\UnityEngine.TerrainPhysicsModule.dll [C:\Users\Alon-TUF\Desktop\WIP\SimpleBackup\SimpleBackup.csproj]
C:\Program Files\dotnet\sdk\8.0.419\Microsoft.Common.CurrentVersion.targets(2412,5): warning MSB3277:           Project file item includes which caused reference "C:\Program Files (x86)\Steam\steamapps\common\Valheim\valheim_Data\Managed\UnityEngine.TerrainPhysicsModule.dll". [C:\Users\Alon-TUF\Desktop\WIP\SimpleBackup\SimpleBackup.csproj]
C:\Program Files\dotnet\sdk\8.0.419\Microsoft.Common.CurrentVersion.targets(2412,5): warning MSB3277:             UnityEngine [C:\Users\Alon-TUF\Desktop\WIP\SimpleBackup\SimpleBackup.csproj]
C:\Program Files\dotnet\sdk\8.0.419\Microsoft.Common.CurrentVersion.targets(2412,5): warning MSB3277:         C:\Program Files (x86)\Steam\steamapps\common\Valheim\valheim_Data\Managed\UnityEngine.TextCoreFontEngineModule.dll [C:\Users\Alon-TUF\Desktop\WIP\SimpleBackup\SimpleBackup.csproj]
C:\Program Files\dotnet\sdk\8.0.419\Microsoft.Common.CurrentVersion.targets(2412,5): warning MSB3277:           Project file item includes which caused reference "C:\Program Files (x86)\Steam\steamapps\common\Valheim\valheim_Data\Managed\UnityEngine.TextCoreFontEngineModule.dll". [C:\Users\Alon-TUF\Desktop\WIP\SimpleBackup\SimpleBackup.csproj]
C:\Program Files\dotnet\sdk\8.0.419\Microsoft.Common.CurrentVersion.targets(2412,5): warning MSB3277:             UnityEngine [C:\Users\Alon-TUF\Desktop\WIP\SimpleBackup\SimpleBackup.csproj]
C:\Program Files\dotnet\sdk\8.0.419\Microsoft.Common.CurrentVersion.targets(2412,5): warning MSB3277:             assembly_valheim [C:\Users\Alon-TUF\Desktop\WIP\SimpleBackup\SimpleBackup.csproj]
C:\Program Files\dotnet\sdk\8.0.419\Microsoft.Common.CurrentVersion.targets(2412,5): warning MSB3277:             assembly_guiutils [C:\Users\Alon-TUF\Desktop\WIP\SimpleBackup\SimpleBackup.csproj]
C:\Program Files\dotnet\sdk\8.0.419\Microsoft.Common.CurrentVersion.targets(2412,5): warning MSB3277:             UnityEngine.UI [C:\Users\Alon-TUF\Desktop\WIP\SimpleBackup\SimpleBackup.csproj]
C:\Program Files\dotnet\sdk\8.0.419\Microsoft.Common.CurrentVersion.targets(2412,5): warning MSB3277:         C:\Program Files (x86)\Steam\steamapps\common\Valheim\valheim_Data\Managed\UnityEngine.TextCoreTextEngineModule.dll [C:\Users\Alon-TUF\Desktop\WIP\SimpleBackup\SimpleBackup.csproj]
C:\Program Files\dotnet\sdk\8.0.419\Microsoft.Common.CurrentVersion.targets(2412,5): warning MSB3277:           Project file item includes which caused reference "C:\Program Files (x86)\Steam\steamapps\common\Valheim\valheim_Data\Managed\UnityEngine.TextCoreTextEngineModule.dll". [C:\Users\Alon-TUF\Desktop\WIP\SimpleBackup\SimpleBackup.csproj]
C:\Program Files\dotnet\sdk\8.0.419\Microsoft.Common.CurrentVersion.targets(2412,5): warning MSB3277:             UnityEngine [C:\Users\Alon-TUF\Desktop\WIP\SimpleBackup\SimpleBackup.csproj]
C:\Program Files\dotnet\sdk\8.0.419\Microsoft.Common.CurrentVersion.targets(2412,5): warning MSB3277:             assembly_valheim [C:\Users\Alon-TUF\Desktop\WIP\SimpleBackup\SimpleBackup.csproj]
C:\Program Files\dotnet\sdk\8.0.419\Microsoft.Common.CurrentVersion.targets(2412,5): warning MSB3277:             UnityEngine.UI [C:\Users\Alon-TUF\Desktop\WIP\SimpleBackup\SimpleBackup.csproj]
C:\Program Files\dotnet\sdk\8.0.419\Microsoft.Common.CurrentVersion.targets(2412,5): warning MSB3277:             assembly_guiutils [C:\Users\Alon-TUF\Desktop\WIP\SimpleBackup\SimpleBackup.csproj]
C:\Program Files\dotnet\sdk\8.0.419\Microsoft.Common.CurrentVersion.targets(2412,5): warning MSB3277:         C:\Program Files (x86)\Steam\steamapps\common\Valheim\valheim_Data\Managed\UnityEngine.SpriteShapeModule.dll [C:\Users\Alon-TUF\Desktop\WIP\SimpleBackup\SimpleBackup.csproj]
C:\Program Files\dotnet\sdk\8.0.419\Microsoft.Common.CurrentVersion.targets(2412,5): warning MSB3277:           Project file item includes which caused reference "C:\Program Files (x86)\Steam\steamapps\common\Valheim\valheim_Data\Managed\UnityEngine.SpriteShapeModule.dll". [C:\Users\Alon-TUF\Desktop\WIP\SimpleBackup\SimpleBackup.csproj]
C:\Program Files\dotnet\sdk\8.0.419\Microsoft.Common.CurrentVersion.targets(2412,5): warning MSB3277:             UnityEngine [C:\Users\Alon-TUF\Desktop\WIP\SimpleBackup\SimpleBackup.csproj]
C:\Program Files\dotnet\sdk\8.0.419\Microsoft.Common.CurrentVersion.targets(2412,5): warning MSB3277:             UnityEngine.UI [C:\Users\Alon-TUF\Desktop\WIP\SimpleBackup\SimpleBackup.csproj]
C:\Program Files\dotnet\sdk\8.0.419\Microsoft.Common.CurrentVersion.targets(2412,5): warning MSB3277:             assembly_valheim [C:\Users\Alon-TUF\Desktop\WIP\SimpleBackup\SimpleBackup.csproj]
C:\Program Files\dotnet\sdk\8.0.419\Microsoft.Common.CurrentVersion.targets(2412,5): warning MSB3277:             assembly_guiutils [C:\Users\Alon-TUF\Desktop\WIP\SimpleBackup\SimpleBackup.csproj]
C:\Program Files\dotnet\sdk\8.0.419\Microsoft.Common.CurrentVersion.targets(2412,5): warning MSB3277:         C:\Program Files (x86)\Steam\steamapps\common\Valheim\valheim_Data\Managed\UnityEngine.UIElementsModule.dll [C:\Users\Alon-TUF\Desktop\WIP\SimpleBackup\SimpleBackup.csproj]
C:\Program Files\dotnet\sdk\8.0.419\Microsoft.Common.CurrentVersion.targets(2412,5): warning MSB3277:           Project file item includes which caused reference "C:\Program Files (x86)\Steam\steamapps\common\Valheim\valheim_Data\Managed\UnityEngine.UIElementsModule.dll". [C:\Users\Alon-TUF\Desktop\WIP\SimpleBackup\SimpleBackup.csproj]
C:\Program Files\dotnet\sdk\8.0.419\Microsoft.Common.CurrentVersion.targets(2412,5): warning MSB3277:             UnityEngine [C:\Users\Alon-TUF\Desktop\WIP\SimpleBackup\SimpleBackup.csproj]
C:\Program Files\dotnet\sdk\8.0.419\Microsoft.Common.CurrentVersion.targets(2412,5): warning MSB3277:             UnityEngine.UI [C:\Users\Alon-TUF\Desktop\WIP\SimpleBackup\SimpleBackup.csproj]
C:\Program Files\dotnet\sdk\8.0.419\Microsoft.Common.CurrentVersion.targets(2412,5): warning MSB3277:             assembly_valheim [C:\Users\Alon-TUF\Desktop\WIP\SimpleBackup\SimpleBackup.csproj]
C:\Program Files\dotnet\sdk\8.0.419\Microsoft.Common.CurrentVersion.targets(2412,5): warning MSB3277:             assembly_guiutils [C:\Users\Alon-TUF\Desktop\WIP\SimpleBackup\SimpleBackup.csproj]
C:\Program Files\dotnet\sdk\8.0.419\Microsoft.Common.CurrentVersion.targets(2412,5): warning MSB3277:         C:\Program Files (x86)\Steam\steamapps\common\Valheim\valheim_Data\Managed\UnityEngine.VehiclesModule.dll [C:\Users\Alon-TUF\Desktop\WIP\SimpleBackup\SimpleBackup.csproj]
C:\Program Files\dotnet\sdk\8.0.419\Microsoft.Common.CurrentVersion.targets(2412,5): warning MSB3277:           Project file item includes which caused reference "C:\Program Files (x86)\Steam\steamapps\common\Valheim\valheim_Data\Managed\UnityEngine.VehiclesModule.dll". [C:\Users\Alon-TUF\Desktop\WIP\SimpleBackup\SimpleBackup.csproj]
C:\Program Files\dotnet\sdk\8.0.419\Microsoft.Common.CurrentVersion.targets(2412,5): warning MSB3277:             UnityEngine [C:\Users\Alon-TUF\Desktop\WIP\SimpleBackup\SimpleBackup.csproj]
C:\Program Files\dotnet\sdk\8.0.419\Microsoft.Common.CurrentVersion.targets(2412,5): warning MSB3277:         C:\Program Files (x86)\Steam\steamapps\common\Valheim\valheim_Data\Managed\UnityEngine.WindModule.dll [C:\Users\Alon-TUF\Desktop\WIP\SimpleBackup\SimpleBackup.csproj]
C:\Program Files\dotnet\sdk\8.0.419\Microsoft.Common.CurrentVersion.targets(2412,5): warning MSB3277:           Project file item includes which caused reference "C:\Program Files (x86)\Steam\steamapps\common\Valheim\valheim_Data\Managed\UnityEngine.WindModule.dll". [C:\Users\Alon-TUF\Desktop\WIP\SimpleBackup\SimpleBackup.csproj]
C:\Program Files\dotnet\sdk\8.0.419\Microsoft.Common.CurrentVersion.targets(2412,5): warning MSB3277:             UnityEngine [C:\Users\Alon-TUF\Desktop\WIP\SimpleBackup\SimpleBackup.csproj]
C:\Program Files\dotnet\sdk\8.0.419\Microsoft.Common.CurrentVersion.targets(2412,5): warning MSB3277:         C:\Program Files (x86)\Steam\steamapps\common\Valheim\valheim_Data\Managed\UnityEngine.XRModule.dll [C:\Users\Alon-TUF\Desktop\WIP\SimpleBackup\SimpleBackup.csproj]
C:\Program Files\dotnet\sdk\8.0.419\Microsoft.Common.CurrentVersion.targets(2412,5): warning MSB3277:           Project file item includes which caused reference "C:\Program Files (x86)\Steam\steamapps\common\Valheim\valheim_Data\Managed\UnityEngine.XRModule.dll". [C:\Users\Alon-TUF\Desktop\WIP\SimpleBackup\SimpleBackup.csproj]
C:\Program Files\dotnet\sdk\8.0.419\Microsoft.Common.CurrentVersion.targets(2412,5): warning MSB3277:             UnityEngine [C:\Users\Alon-TUF\Desktop\WIP\SimpleBackup\SimpleBackup.csproj]
C:\Program Files\dotnet\sdk\8.0.419\Microsoft.Common.CurrentVersion.targets(2412,5): warning MSB3277:             assembly_valheim [C:\Users\Alon-TUF\Desktop\WIP\SimpleBackup\SimpleBackup.csproj]
C:\Program Files\dotnet\sdk\8.0.419\Microsoft.Common.CurrentVersion.targets(2412,5): warning MSB3277:             assembly_guiutils [C:\Users\Alon-TUF\Desktop\WIP\SimpleBackup\SimpleBackup.csproj]
C:\Program Files\dotnet\sdk\8.0.419\Microsoft.Common.CurrentVersion.targets(2412,5): warning MSB3277:         C:\Program Files (x86)\Steam\steamapps\common\Valheim\valheim_Data\Managed\UnityEngine.ARModule.dll [C:\Users\Alon-TUF\Desktop\WIP\SimpleBackup\SimpleBackup.csproj]
C:\Program Files\dotnet\sdk\8.0.419\Microsoft.Common.CurrentVersion.targets(2412,5): warning MSB3277:           Project file item includes which caused reference "C:\Program Files (x86)\Steam\steamapps\common\Valheim\valheim_Data\Managed\UnityEngine.ARModule.dll". [C:\Users\Alon-TUF\Desktop\WIP\SimpleBackup\SimpleBackup.csproj]
C:\Program Files\dotnet\sdk\8.0.419\Microsoft.Common.CurrentVersion.targets(2412,5): warning MSB3277:             UnityEngine [C:\Users\Alon-TUF\Desktop\WIP\SimpleBackup\SimpleBackup.csproj]
C:\Program Files\dotnet\sdk\8.0.419\Microsoft.Common.CurrentVersion.targets(2412,5): warning MSB3277:         C:\Program Files (x86)\Steam\steamapps\common\Valheim\valheim_Data\Managed\UnityEngine.InputModule.dll [C:\Users\Alon-TUF\Desktop\WIP\SimpleBackup\SimpleBackup.csproj]
C:\Program Files\dotnet\sdk\8.0.419\Microsoft.Common.CurrentVersion.targets(2412,5): warning MSB3277:           Project file item includes which caused reference "C:\Program Files (x86)\Steam\steamapps\common\Valheim\valheim_Data\Managed\UnityEngine.InputModule.dll". [C:\Users\Alon-TUF\Desktop\WIP\SimpleBackup\SimpleBackup.csproj]
C:\Program Files\dotnet\sdk\8.0.419\Microsoft.Common.CurrentVersion.targets(2412,5): warning MSB3277:             UnityEngine [C:\Users\Alon-TUF\Desktop\WIP\SimpleBackup\SimpleBackup.csproj]
C:\Program Files\dotnet\sdk\8.0.419\Microsoft.Common.CurrentVersion.targets(2412,5): warning MSB3277:             assembly_valheim [C:\Users\Alon-TUF\Desktop\WIP\SimpleBackup\SimpleBackup.csproj]
C:\Program Files\dotnet\sdk\8.0.419\Microsoft.Common.CurrentVersion.targets(2412,5): warning MSB3277:             assembly_guiutils [C:\Users\Alon-TUF\Desktop\WIP\SimpleBackup\SimpleBackup.csproj]
C:\Users\Alon-TUF\Desktop\WIP\SimpleBackup\SimpleBackupPlugin.cs(56,53): error CS1061: 'Game' does not contain a definition for 'm_playerProfile' and no accessible extension method 'm_playerProfile' accepting a first argument of type 'Game' could be found (are you missing a using directive or an assembly reference?) [C:\Users\Alon-TUF\Desktop\WIP\SimpleBackup\SimpleBackup.csproj]
C:\Users\Alon-TUF\Desktop\WIP\SimpleBackup\UIPatches.cs(55,58): error CS1061: 'Game' does not contain a definition for 'm_playerProfile' and no accessible extension method 'm_playerProfile' accepting a first argument of type 'Game' could be found (are you missing a using directive or an assembly reference?) [C:\Users\Alon-TUF\Desktop\WIP\SimpleBackup\SimpleBackup.csproj]
C:\Users\Alon-TUF\Desktop\WIP\SimpleBackup\RestoreCommand.cs(52,54): error CS1061: 'Game' does not contain a definition for 'm_playerProfile' and no accessible extension method 'm_playerProfile' accepting a first argument of type 'Game' could be found (are you missing a using directive or an assembly reference?) [C:\Users\Alon-TUF\Desktop\WIP\SimpleBackup\SimpleBackup.csproj]

Build FAILED.

C:\Users\Alon-TUF\Desktop\WIP\SimpleBackup\SimpleBackup.csproj : warning NU1504: Duplicate 'PackageReference' items found. Remove the duplicate items or use the Update functionality to ensure a consistent restore behavior. The duplicate 'PackageReference' items are: BepInEx.PluginInfoProps 1.*, BepInEx.PluginInfoProps 1.*.
C:\Users\Alon-TUF\Desktop\WIP\SimpleBackup\SimpleBackup.csproj : warning NU1504: Duplicate 'PackageReference' items found. Remove the duplicate items or use the Update functionality to ensure a consistent restore behavior. The duplicate 'PackageReference' items are: BepInEx.PluginInfoProps 1.*, BepInEx.PluginInfoProps 1.*.
C:\Program Files\dotnet\sdk\8.0.419\Microsoft.Common.CurrentVersion.targets(2412,5): warning MSB3277: Found conflicts between different versions of "netstandard" that could not be resolved. [C:\Users\Alon-TUF\Desktop\WIP\SimpleBackup\SimpleBackup.csproj]
C:\Program Files\dotnet\sdk\8.0.419\Microsoft.Common.CurrentVersion.targets(2412,5): warning MSB3277: There was a conflict between "netstandard, Version=2.0.0.0, Culture=neutral, PublicKeyToken=cc7b13ffcd2ddd51" and "netstandard, Version=2.1.0.0, Culture=neutral, PublicKeyToken=cc7b13ffcd2ddd51". [C:\Users\Alon-TUF\Desktop\WIP\SimpleBackup\SimpleBackup.csproj]
C:\Program Files\dotnet\sdk\8.0.419\Microsoft.Common.CurrentVersion.targets(2412,5): warning MSB3277:     "netstandard, Version=2.0.0.0, Culture=neutral, PublicKeyToken=cc7b13ffcd2ddd51" was chosen because it was primary and "netstandard, Version=2.1.0.0, Culture=neutral, PublicKeyToken=cc7b13ffcd2ddd51" was not. [C:\Users\Alon-TUF\Desktop\WIP\SimpleBackup\SimpleBackup.csproj]
C:\Program Files\dotnet\sdk\8.0.419\Microsoft.Common.CurrentVersion.targets(2412,5): warning MSB3277:     References which depend on "netstandard, Version=2.0.0.0, Culture=neutral, PublicKeyToken=cc7b13ffcd2ddd51" [C:\Program Files\dotnet\sdk\8.0.419\Microsoft\Microsoft.NET.Build.Extensions\net461\lib\netstandard.dll]. [C:\Users\Alon-TUF\Desktop\WIP\SimpleBackup\SimpleBackup.csproj]
C:\Program Files\dotnet\sdk\8.0.419\Microsoft.Common.CurrentVersion.targets(2412,5): warning MSB3277:         C:\Program Files\dotnet\sdk\8.0.419\Microsoft\Microsoft.NET.Build.Extensions\net461\lib\netstandard.dll [C:\Users\Alon-TUF\Desktop\WIP\SimpleBackup\SimpleBackup.csproj]
C:\Program Files\dotnet\sdk\8.0.419\Microsoft.Common.CurrentVersion.targets(2412,5): warning MSB3277:           Project file item includes which caused reference "C:\Program Files\dotnet\sdk\8.0.419\Microsoft\Microsoft.NET.Build.Extensions\net461\lib\netstandard.dll". [C:\Users\Alon-TUF\Desktop\WIP\SimpleBackup\SimpleBackup.csproj]
C:\Program Files\dotnet\sdk\8.0.419\Microsoft.Common.CurrentVersion.targets(2412,5): warning MSB3277:             netstandard [C:\Users\Alon-TUF\Desktop\WIP\SimpleBackup\SimpleBackup.csproj]
C:\Program Files\dotnet\sdk\8.0.419\Microsoft.Common.CurrentVersion.targets(2412,5): warning MSB3277:     References which depend on or have been unified to "netstandard, Version=2.1.0.0, Culture=neutral, PublicKeyToken=cc7b13ffcd2ddd51" [C:\Program Files (x86)\Steam\steamapps\common\Valheim\valheim_Data\Managed\netstandard.dll]. [C:\Users\Alon-TUF\Desktop\WIP\SimpleBackup\SimpleBackup.csproj]
C:\Program Files\dotnet\sdk\8.0.419\Microsoft.Common.CurrentVersion.targets(2412,5): warning MSB3277:         C:\Program Files (x86)\Steam\steamapps\common\Valheim\valheim_Data\Managed\UnityEngine.dll [C:\Users\Alon-TUF\Desktop\WIP\SimpleBackup\SimpleBackup.csproj]
C:\Program Files\dotnet\sdk\8.0.419\Microsoft.Common.CurrentVersion.targets(2412,5): warning MSB3277:           Project file item includes which caused reference "C:\Program Files (x86)\Steam\steamapps\common\Valheim\valheim_Data\Managed\UnityEngine.dll". [C:\Users\Alon-TUF\Desktop\WIP\SimpleBackup\SimpleBackup.csproj]
C:\Program Files\dotnet\sdk\8.0.419\Microsoft.Common.CurrentVersion.targets(2412,5): warning MSB3277:             UnityEngine [C:\Users\Alon-TUF\Desktop\WIP\SimpleBackup\SimpleBackup.csproj]
C:\Program Files\dotnet\sdk\8.0.419\Microsoft.Common.CurrentVersion.targets(2412,5): warning MSB3277:         C:\Program Files (x86)\Steam\steamapps\common\Valheim\valheim_Data\Managed\UnityEngine.CoreModule.dll [C:\Users\Alon-TUF\Desktop\WIP\SimpleBackup\SimpleBackup.csproj]
C:\Program Files\dotnet\sdk\8.0.419\Microsoft.Common.CurrentVersion.targets(2412,5): warning MSB3277:           Project file item includes which caused reference "C:\Program Files (x86)\Steam\steamapps\common\Valheim\valheim_Data\Managed\UnityEngine.CoreModule.dll". [C:\Users\Alon-TUF\Desktop\WIP\SimpleBackup\SimpleBackup.csproj]
C:\Program Files\dotnet\sdk\8.0.419\Microsoft.Common.CurrentVersion.targets(2412,5): warning MSB3277:             UnityEngine.CoreModule [C:\Users\Alon-TUF\Desktop\WIP\SimpleBackup\SimpleBackup.csproj]
C:\Program Files\dotnet\sdk\8.0.419\Microsoft.Common.CurrentVersion.targets(2412,5): warning MSB3277:             assembly_valheim [C:\Users\Alon-TUF\Desktop\WIP\SimpleBackup\SimpleBackup.csproj]
C:\Program Files\dotnet\sdk\8.0.419\Microsoft.Common.CurrentVersion.targets(2412,5): warning MSB3277:             assembly_guiutils [C:\Users\Alon-TUF\Desktop\WIP\SimpleBackup\SimpleBackup.csproj]
C:\Program Files\dotnet\sdk\8.0.419\Microsoft.Common.CurrentVersion.targets(2412,5): warning MSB3277:             UnityEngine [C:\Users\Alon-TUF\Desktop\WIP\SimpleBackup\SimpleBackup.csproj]
C:\Program Files\dotnet\sdk\8.0.419\Microsoft.Common.CurrentVersion.targets(2412,5): warning MSB3277:             UnityEngine.UI [C:\Users\Alon-TUF\Desktop\WIP\SimpleBackup\SimpleBackup.csproj]
C:\Program Files\dotnet\sdk\8.0.419\Microsoft.Common.CurrentVersion.targets(2412,5): warning MSB3277:         C:\Program Files\dotnet\sdk\8.0.419\Microsoft\Microsoft.NET.Build.Extensions\net461\lib\Microsoft.Win32.Primitives.dll [C:\Users\Alon-TUF\Desktop\WIP\SimpleBackup\SimpleBackup.csproj]
C:\Program Files\dotnet\sdk\8.0.419\Microsoft.Common.CurrentVersion.targets(2412,5): warning MSB3277:           Project file item includes which caused reference "C:\Program Files\dotnet\sdk\8.0.419\Microsoft\Microsoft.NET.Build.Extensions\net461\lib\Microsoft.Win32.Primitives.dll". [C:\Users\Alon-TUF\Desktop\WIP\SimpleBackup\SimpleBackup.csproj]
C:\Program Files\dotnet\sdk\8.0.419\Microsoft.Common.CurrentVersion.targets(2412,5): warning MSB3277:             Microsoft.Win32.Primitives [C:\Users\Alon-TUF\Desktop\WIP\SimpleBackup\SimpleBackup.csproj]
C:\Program Files\dotnet\sdk\8.0.419\Microsoft.Common.CurrentVersion.targets(2412,5): warning MSB3277:         C:\Program Files\dotnet\sdk\8.0.419\Microsoft\Microsoft.NET.Build.Extensions\net461\lib\System.AppContext.dll [C:\Users\Alon-TUF\Desktop\WIP\SimpleBackup\SimpleBackup.csproj]
C:\Program Files\dotnet\sdk\8.0.419\Microsoft.Common.CurrentVersion.targets(2412,5): warning MSB3277:           Project file item includes which caused reference "C:\Program Files\dotnet\sdk\8.0.419\Microsoft\Microsoft.NET.Build.Extensions\net461\lib\System.AppContext.dll". [C:\Users\Alon-TUF\Desktop\WIP\SimpleBackup\SimpleBackup.csproj]
C:\Program Files\dotnet\sdk\8.0.419\Microsoft.Common.CurrentVersion.targets(2412,5): warning MSB3277:             System.AppContext [C:\Users\Alon-TUF\Desktop\WIP\SimpleBackup\SimpleBackup.csproj]
C:\Program Files\dotnet\sdk\8.0.419\Microsoft.Common.CurrentVersion.targets(2412,5): warning MSB3277:         C:\Program Files\dotnet\sdk\8.0.419\Microsoft\Microsoft.NET.Build.Extensions\net461\lib\System.Collections.Concurrent.dll [C:\Users\Alon-TUF\Desktop\WIP\SimpleBackup\SimpleBackup.csproj]
C:\Program Files\dotnet\sdk\8.0.419\Microsoft.Common.CurrentVersion.targets(2412,5): warning MSB3277:           Project file item includes which caused reference "C:\Program Files\dotnet\sdk\8.0.419\Microsoft\Microsoft.NET.Build.Extensions\net461\lib\System.Collections.Concurrent.dll". [C:\Users\Alon-TUF\Desktop\WIP\SimpleBackup\SimpleBackup.csproj]
C:\Program Files\dotnet\sdk\8.0.419\Microsoft.Common.CurrentVersion.targets(2412,5): warning MSB3277:             System.Collections.Concurrent [C:\Users\Alon-TUF\Desktop\WIP\SimpleBackup\SimpleBackup.csproj]
C:\Program Files\dotnet\sdk\8.0.419\Microsoft.Common.CurrentVersion.targets(2412,5): warning MSB3277:             netfx.force.conflicts [C:\Users\Alon-TUF\Desktop\WIP\SimpleBackup\SimpleBackup.csproj]
C:\Program Files\dotnet\sdk\8.0.419\Microsoft.Common.CurrentVersion.targets(2412,5): warning MSB3277:         C:\Program Files\dotnet\sdk\8.0.419\Microsoft\Microsoft.NET.Build.Extensions\net461\lib\System.Collections.dll [C:\Users\Alon-TUF\Desktop\WIP\SimpleBackup\SimpleBackup.csproj]
C:\Program Files\dotnet\sdk\8.0.419\Microsoft.Common.CurrentVersion.targets(2412,5): warning MSB3277:           Project file item includes which caused reference "C:\Program Files\dotnet\sdk\8.0.419\Microsoft\Microsoft.NET.Build.Extensions\net461\lib\System.Collections.dll". [C:\Users\Alon-TUF\Desktop\WIP\SimpleBackup\SimpleBackup.csproj]
C:\Program Files\dotnet\sdk\8.0.419\Microsoft.Common.CurrentVersion.targets(2412,5): warning MSB3277:             System.Collections [C:\Users\Alon-TUF\Desktop\WIP\SimpleBackup\SimpleBackup.csproj]
C:\Program Files\dotnet\sdk\8.0.419\Microsoft.Common.CurrentVersion.targets(2412,5): warning MSB3277:             netfx.force.conflicts [C:\Users\Alon-TUF\Desktop\WIP\SimpleBackup\SimpleBackup.csproj]
C:\Program Files\dotnet\sdk\8.0.419\Microsoft.Common.CurrentVersion.targets(2412,5): warning MSB3277:         C:\Program Files\dotnet\sdk\8.0.419\Microsoft\Microsoft.NET.Build.Extensions\net461\lib\System.Collections.NonGeneric.dll [C:\Users\Alon-TUF\Desktop\WIP\SimpleBackup\SimpleBackup.csproj]
C:\Program Files\dotnet\sdk\8.0.419\Microsoft.Common.CurrentVersion.targets(2412,5): warning MSB3277:           Project file item includes which caused reference "C:\Program Files\dotnet\sdk\8.0.419\Microsoft\Microsoft.NET.Build.Extensions\net461\lib\System.Collections.NonGeneric.dll". [C:\Users\Alon-TUF\Desktop\WIP\SimpleBackup\SimpleBackup.csproj]
C:\Program Files\dotnet\sdk\8.0.419\Microsoft.Common.CurrentVersion.targets(2412,5): warning MSB3277:             System.Collections.NonGeneric [C:\Users\Alon-TUF\Desktop\WIP\SimpleBackup\SimpleBackup.csproj]
C:\Program Files\dotnet\sdk\8.0.419\Microsoft.Common.CurrentVersion.targets(2412,5): warning MSB3277:         C:\Program Files\dotnet\sdk\8.0.419\Microsoft\Microsoft.NET.Build.Extensions\net461\lib\System.Collections.Specialized.dll [C:\Users\Alon-TUF\Desktop\WIP\SimpleBackup\SimpleBackup.csproj]
C:\Program Files\dotnet\sdk\8.0.419\Microsoft.Common.CurrentVersion.targets(2412,5): warning MSB3277:           Project file item includes which caused reference "C:\Program Files\dotnet\sdk\8.0.419\Microsoft\Microsoft.NET.Build.Extensions\net461\lib\System.Collections.Specialized.dll". [C:\Users\Alon-TUF\Desktop\WIP\SimpleBackup\SimpleBackup.csproj]
C:\Program Files\dotnet\sdk\8.0.419\Microsoft.Common.CurrentVersion.targets(2412,5): warning MSB3277:             System.Collections.Specialized [C:\Users\Alon-TUF\Desktop\WIP\SimpleBackup\SimpleBackup.csproj]
C:\Program Files\dotnet\sdk\8.0.419\Microsoft.Common.CurrentVersion.targets(2412,5): warning MSB3277:         C:\Program Files\dotnet\sdk\8.0.419\Microsoft\Microsoft.NET.Build.Extensions\net461\lib\System.ComponentModel.dll [C:\Users\Alon-TUF\Desktop\WIP\SimpleBackup\SimpleBackup.csproj]
C:\Program Files\dotnet\sdk\8.0.419\Microsoft.Common.CurrentVersion.targets(2412,5): warning MSB3277:           Project file item includes which caused reference "C:\Program Files\dotnet\sdk\8.0.419\Microsoft\Microsoft.NET.Build.Extensions\net461\lib\System.ComponentModel.dll". [C:\Users\Alon-TUF\Desktop\WIP\SimpleBackup\SimpleBackup.csproj]
C:\Program Files\dotnet\sdk\8.0.419\Microsoft.Common.CurrentVersion.targets(2412,5): warning MSB3277:             System.ComponentModel [C:\Users\Alon-TUF\Desktop\WIP\SimpleBackup\SimpleBackup.csproj]
C:\Program Files\dotnet\sdk\8.0.419\Microsoft.Common.CurrentVersion.targets(2412,5): warning MSB3277:             netfx.force.conflicts [C:\Users\Alon-TUF\Desktop\WIP\SimpleBackup\SimpleBackup.csproj]
C:\Program Files\dotnet\sdk\8.0.419\Microsoft.Common.CurrentVersion.targets(2412,5): warning MSB3277:         C:\Program Files\dotnet\sdk\8.0.419\Microsoft\Microsoft.NET.Build.Extensions\net461\lib\System.ComponentModel.EventBasedAsync.dll [C:\Users\Alon-TUF\Desktop\WIP\SimpleBackup\SimpleBackup.csproj]
C:\Program Files\dotnet\sdk\8.0.419\Microsoft.Common.CurrentVersion.targets(2412,5): warning MSB3277:           Project file item includes which caused reference "C:\Program Files\dotnet\sdk\8.0.419\Microsoft\Microsoft.NET.Build.Extensions\net461\lib\System.ComponentModel.EventBasedAsync.dll". [C:\Users\Alon-TUF\Desktop\WIP\SimpleBackup\SimpleBackup.csproj]
C:\Program Files\dotnet\sdk\8.0.419\Microsoft.Common.CurrentVersion.targets(2412,5): warning MSB3277:             System.ComponentModel.EventBasedAsync [C:\Users\Alon-TUF\Desktop\WIP\SimpleBackup\SimpleBackup.csproj]
C:\Program Files\dotnet\sdk\8.0.419\Microsoft.Common.CurrentVersion.targets(2412,5): warning MSB3277:             netfx.force.conflicts [C:\Users\Alon-TUF\Desktop\WIP\SimpleBackup\SimpleBackup.csproj]
C:\Program Files\dotnet\sdk\8.0.419\Microsoft.Common.CurrentVersion.targets(2412,5): warning MSB3277:         C:\Program Files\dotnet\sdk\8.0.419\Microsoft\Microsoft.NET.Build.Extensions\net461\lib\System.ComponentModel.Primitives.dll [C:\Users\Alon-TUF\Desktop\WIP\SimpleBackup\SimpleBackup.csproj]
C:\Program Files\dotnet\sdk\8.0.419\Microsoft.Common.CurrentVersion.targets(2412,5): warning MSB3277:           Project file item includes which caused reference "C:\Program Files\dotnet\sdk\8.0.419\Microsoft\Microsoft.NET.Build.Extensions\net461\lib\System.ComponentModel.Primitives.dll". [C:\Users\Alon-TUF\Desktop\WIP\SimpleBackup\SimpleBackup.csproj]
C:\Program Files\dotnet\sdk\8.0.419\Microsoft.Common.CurrentVersion.targets(2412,5): warning MSB3277:             System.ComponentModel.Primitives [C:\Users\Alon-TUF\Desktop\WIP\SimpleBackup\SimpleBackup.csproj]
C:\Program Files\dotnet\sdk\8.0.419\Microsoft.Common.CurrentVersion.targets(2412,5): warning MSB3277:         C:\Program Files\dotnet\sdk\8.0.419\Microsoft\Microsoft.NET.Build.Extensions\net461\lib\System.ComponentModel.TypeConverter.dll [C:\Users\Alon-TUF\Desktop\WIP\SimpleBackup\SimpleBackup.csproj]
C:\Program Files\dotnet\sdk\8.0.419\Microsoft.Common.CurrentVersion.targets(2412,5): warning MSB3277:           Project file item includes which caused reference "C:\Program Files\dotnet\sdk\8.0.419\Microsoft\Microsoft.NET.Build.Extensions\net461\lib\System.ComponentModel.TypeConverter.dll". [C:\Users\Alon-TUF\Desktop\WIP\SimpleBackup\SimpleBackup.csproj]
C:\Program Files\dotnet\sdk\8.0.419\Microsoft.Common.CurrentVersion.targets(2412,5): warning MSB3277:             System.ComponentModel.TypeConverter [C:\Users\Alon-TUF\Desktop\WIP\SimpleBackup\SimpleBackup.csproj]
C:\Program Files\dotnet\sdk\8.0.419\Microsoft.Common.CurrentVersion.targets(2412,5): warning MSB3277:         C:\Program Files\dotnet\sdk\8.0.419\Microsoft\Microsoft.NET.Build.Extensions\net461\lib\System.Console.dll [C:\Users\Alon-TUF\Desktop\WIP\SimpleBackup\SimpleBackup.csproj]
C:\Program Files\dotnet\sdk\8.0.419\Microsoft.Common.CurrentVersion.targets(2412,5): warning MSB3277:           Project file item includes which caused reference "C:\Program Files\dotnet\sdk\8.0.419\Microsoft\Microsoft.NET.Build.Extensions\net461\lib\System.Console.dll". [C:\Users\Alon-TUF\Desktop\WIP\SimpleBackup\SimpleBackup.csproj]
C:\Program Files\dotnet\sdk\8.0.419\Microsoft.Common.CurrentVersion.targets(2412,5): warning MSB3277:             System.Console [C:\Users\Alon-TUF\Desktop\WIP\SimpleBackup\SimpleBackup.csproj]
C:\Program Files\dotnet\sdk\8.0.419\Microsoft.Common.CurrentVersion.targets(2412,5): warning MSB3277:         C:\Program Files\dotnet\sdk\8.0.419\Microsoft\Microsoft.NET.Build.Extensions\net461\lib\System.Diagnostics.Contracts.dll [C:\Users\Alon-TUF\Desktop\WIP\SimpleBackup\SimpleBackup.csproj]
C:\Program Files\dotnet\sdk\8.0.419\Microsoft.Common.CurrentVersion.targets(2412,5): warning MSB3277:           Project file item includes which caused reference "C:\Program Files\dotnet\sdk\8.0.419\Microsoft\Microsoft.NET.Build.Extensions\net461\lib\System.Diagnostics.Contracts.dll". [C:\Users\Alon-TUF\Desktop\WIP\SimpleBackup\SimpleBackup.csproj]
C:\Program Files\dotnet\sdk\8.0.419\Microsoft.Common.CurrentVersion.targets(2412,5): warning MSB3277:             System.Diagnostics.Contracts [C:\Users\Alon-TUF\Desktop\WIP\SimpleBackup\SimpleBackup.csproj]
C:\Program Files\dotnet\sdk\8.0.419\Microsoft.Common.CurrentVersion.targets(2412,5): warning MSB3277:             netfx.force.conflicts [C:\Users\Alon-TUF\Desktop\WIP\SimpleBackup\SimpleBackup.csproj]
C:\Program Files\dotnet\sdk\8.0.419\Microsoft.Common.CurrentVersion.targets(2412,5): warning MSB3277:         C:\Program Files\dotnet\sdk\8.0.419\Microsoft\Microsoft.NET.Build.Extensions\net461\lib\System.Diagnostics.Debug.dll [C:\Users\Alon-TUF\Desktop\WIP\SimpleBackup\SimpleBackup.csproj]
C:\Program Files\dotnet\sdk\8.0.419\Microsoft.Common.CurrentVersion.targets(2412,5): warning MSB3277:           Project file item includes which caused reference "C:\Program Files\dotnet\sdk\8.0.419\Microsoft\Microsoft.NET.Build.Extensions\net461\lib\System.Diagnostics.Debug.dll". [C:\Users\Alon-TUF\Desktop\WIP\SimpleBackup\SimpleBackup.csproj]
C:\Program Files\dotnet\sdk\8.0.419\Microsoft.Common.CurrentVersion.targets(2412,5): warning MSB3277:             System.Diagnostics.Debug [C:\Users\Alon-TUF\Desktop\WIP\SimpleBackup\SimpleBackup.csproj]
C:\Program Files\dotnet\sdk\8.0.419\Microsoft.Common.CurrentVersion.targets(2412,5): warning MSB3277:             netfx.force.conflicts [C:\Users\Alon-TUF\Desktop\WIP\SimpleBackup\SimpleBackup.csproj]
C:\Program Files\dotnet\sdk\8.0.419\Microsoft.Common.CurrentVersion.targets(2412,5): warning MSB3277:         C:\Program Files\dotnet\sdk\8.0.419\Microsoft\Microsoft.NET.Build.Extensions\net461\lib\System.Diagnostics.FileVersionInfo.dll [C:\Users\Alon-TUF\Desktop\WIP\SimpleBackup\SimpleBackup.csproj]
C:\Program Files\dotnet\sdk\8.0.419\Microsoft.Common.CurrentVersion.targets(2412,5): warning MSB3277:           Project file item includes which caused reference "C:\Program Files\dotnet\sdk\8.0.419\Microsoft\Microsoft.NET.Build.Extensions\net461\lib\System.Diagnostics.FileVersionInfo.dll". [C:\Users\Alon-TUF\Desktop\WIP\SimpleBackup\SimpleBackup.csproj]
C:\Program Files\dotnet\sdk\8.0.419\Microsoft.Common.CurrentVersion.targets(2412,5): warning MSB3277:             System.Diagnostics.FileVersionInfo [C:\Users\Alon-TUF\Desktop\WIP\SimpleBackup\SimpleBackup.csproj]
C:\Program Files\dotnet\sdk\8.0.419\Microsoft.Common.CurrentVersion.targets(2412,5): warning MSB3277:         C:\Program Files\dotnet\sdk\8.0.419\Microsoft\Microsoft.NET.Build.Extensions\net461\lib\System.Diagnostics.Process.dll [C:\Users\Alon-TUF\Desktop\WIP\SimpleBackup\SimpleBackup.csproj]
C:\Program Files\dotnet\sdk\8.0.419\Microsoft.Common.CurrentVersion.targets(2412,5): warning MSB3277:           Project file item includes which caused reference "C:\Program Files\dotnet\sdk\8.0.419\Microsoft\Microsoft.NET.Build.Extensions\net461\lib\System.Diagnostics.Process.dll". [C:\Users\Alon-TUF\Desktop\WIP\SimpleBackup\SimpleBackup.csproj]
C:\Program Files\dotnet\sdk\8.0.419\Microsoft.Common.CurrentVersion.targets(2412,5): warning MSB3277:             System.Diagnostics.Process [C:\Users\Alon-TUF\Desktop\WIP\SimpleBackup\SimpleBackup.csproj]
C:\Program Files\dotnet\sdk\8.0.419\Microsoft.Common.CurrentVersion.targets(2412,5): warning MSB3277:         C:\Program Files\dotnet\sdk\8.0.419\Microsoft\Microsoft.NET.Build.Extensions\net461\lib\System.Diagnostics.TextWriterTraceListener.dll [C:\Users\Alon-TUF\Desktop\WIP\SimpleBackup\SimpleBackup.csproj]
C:\Program Files\dotnet\sdk\8.0.419\Microsoft.Common.CurrentVersion.targets(2412,5): warning MSB3277:           Project file item includes which caused reference "C:\Program Files\dotnet\sdk\8.0.419\Microsoft\Microsoft.NET.Build.Extensions\net461\lib\System.Diagnostics.TextWriterTraceListener.dll". [C:\Users\Alon-TUF\Desktop\WIP\SimpleBackup\SimpleBackup.csproj]
C:\Program Files\dotnet\sdk\8.0.419\Microsoft.Common.CurrentVersion.targets(2412,5): warning MSB3277:             System.Diagnostics.TextWriterTraceListener [C:\Users\Alon-TUF\Desktop\WIP\SimpleBackup\SimpleBackup.csproj]
C:\Program Files\dotnet\sdk\8.0.419\Microsoft.Common.CurrentVersion.targets(2412,5): warning MSB3277:         C:\Program Files\dotnet\sdk\8.0.419\Microsoft\Microsoft.NET.Build.Extensions\net461\lib\System.Diagnostics.Tools.dll [C:\Users\Alon-TUF\Desktop\WIP\SimpleBackup\SimpleBackup.csproj]
C:\Program Files\dotnet\sdk\8.0.419\Microsoft.Common.CurrentVersion.targets(2412,5): warning MSB3277:           Project file item includes which caused reference "C:\Program Files\dotnet\sdk\8.0.419\Microsoft\Microsoft.NET.Build.Extensions\net461\lib\System.Diagnostics.Tools.dll". [C:\Users\Alon-TUF\Desktop\WIP\SimpleBackup\SimpleBackup.csproj]
C:\Program Files\dotnet\sdk\8.0.419\Microsoft.Common.CurrentVersion.targets(2412,5): warning MSB3277:             System.Diagnostics.Tools [C:\Users\Alon-TUF\Desktop\WIP\SimpleBackup\SimpleBackup.csproj]
C:\Program Files\dotnet\sdk\8.0.419\Microsoft.Common.CurrentVersion.targets(2412,5): warning MSB3277:             netfx.force.conflicts [C:\Users\Alon-TUF\Desktop\WIP\SimpleBackup\SimpleBackup.csproj]
C:\Program Files\dotnet\sdk\8.0.419\Microsoft.Common.CurrentVersion.targets(2412,5): warning MSB3277:         C:\Program Files\dotnet\sdk\8.0.419\Microsoft\Microsoft.NET.Build.Extensions\net461\lib\System.Diagnostics.TraceSource.dll [C:\Users\Alon-TUF\Desktop\WIP\SimpleBackup\SimpleBackup.csproj]
C:\Program Files\dotnet\sdk\8.0.419\Microsoft.Common.CurrentVersion.targets(2412,5): warning MSB3277:           Project file item includes which caused reference "C:\Program Files\dotnet\sdk\8.0.419\Microsoft\Microsoft.NET.Build.Extensions\net461\lib\System.Diagnostics.TraceSource.dll". [C:\Users\Alon-TUF\Desktop\WIP\SimpleBackup\SimpleBackup.csproj]
C:\Program Files\dotnet\sdk\8.0.419\Microsoft.Common.CurrentVersion.targets(2412,5): warning MSB3277:             System.Diagnostics.TraceSource [C:\Users\Alon-TUF\Desktop\WIP\SimpleBackup\SimpleBackup.csproj]
C:\Program Files\dotnet\sdk\8.0.419\Microsoft.Common.CurrentVersion.targets(2412,5): warning MSB3277:         C:\Program Files\dotnet\sdk\8.0.419\Microsoft\Microsoft.NET.Build.Extensions\net461\lib\System.Drawing.Primitives.dll [C:\Users\Alon-TUF\Desktop\WIP\SimpleBackup\SimpleBackup.csproj]
C:\Program Files\dotnet\sdk\8.0.419\Microsoft.Common.CurrentVersion.targets(2412,5): warning MSB3277:           Project file item includes which caused reference "C:\Program Files\dotnet\sdk\8.0.419\Microsoft\Microsoft.NET.Build.Extensions\net461\lib\System.Drawing.Primitives.dll". [C:\Users\Alon-TUF\Desktop\WIP\SimpleBackup\SimpleBackup.csproj]
C:\Program Files\dotnet\sdk\8.0.419\Microsoft.Common.CurrentVersion.targets(2412,5): warning MSB3277:             System.Drawing.Primitives [C:\Users\Alon-TUF\Desktop\WIP\SimpleBackup\SimpleBackup.csproj]
C:\Program Files\dotnet\sdk\8.0.419\Microsoft.Common.CurrentVersion.targets(2412,5): warning MSB3277:         C:\Program Files\dotnet\sdk\8.0.419\Microsoft\Microsoft.NET.Build.Extensions\net461\lib\System.Dynamic.Runtime.dll [C:\Users\Alon-TUF\Desktop\WIP\SimpleBackup\SimpleBackup.csproj]
C:\Program Files\dotnet\sdk\8.0.419\Microsoft.Common.CurrentVersion.targets(2412,5): warning MSB3277:           Project file item includes which caused reference "C:\Program Files\dotnet\sdk\8.0.419\Microsoft\Microsoft.NET.Build.Extensions\net461\lib\System.Dynamic.Runtime.dll". [C:\Users\Alon-TUF\Desktop\WIP\SimpleBackup\SimpleBackup.csproj]
C:\Program Files\dotnet\sdk\8.0.419\Microsoft.Common.CurrentVersion.targets(2412,5): warning MSB3277:             System.Dynamic.Runtime [C:\Users\Alon-TUF\Desktop\WIP\SimpleBackup\SimpleBackup.csproj]
C:\Program Files\dotnet\sdk\8.0.419\Microsoft.Common.CurrentVersion.targets(2412,5): warning MSB3277:             netfx.force.conflicts [C:\Users\Alon-TUF\Desktop\WIP\SimpleBackup\SimpleBackup.csproj]
C:\Program Files\dotnet\sdk\8.0.419\Microsoft.Common.CurrentVersion.targets(2412,5): warning MSB3277:         C:\Program Files\dotnet\sdk\8.0.419\Microsoft\Microsoft.NET.Build.Extensions\net461\lib\System.Globalization.Calendars.dll [C:\Users\Alon-TUF\Desktop\WIP\SimpleBackup\SimpleBackup.csproj]
C:\Program Files\dotnet\sdk\8.0.419\Microsoft.Common.CurrentVersion.targets(2412,5): warning MSB3277:           Project file item includes which caused reference "C:\Program Files\dotnet\sdk\8.0.419\Microsoft\Microsoft.NET.Build.Extensions\net461\lib\System.Globalization.Calendars.dll". [C:\Users\Alon-TUF\Desktop\WIP\SimpleBackup\SimpleBackup.csproj]
C:\Program Files\dotnet\sdk\8.0.419\Microsoft.Common.CurrentVersion.targets(2412,5): warning MSB3277:             System.Globalization.Calendars [C:\Users\Alon-TUF\Desktop\WIP\SimpleBackup\SimpleBackup.csproj]
C:\Program Files\dotnet\sdk\8.0.419\Microsoft.Common.CurrentVersion.targets(2412,5): warning MSB3277:         C:\Program Files\dotnet\sdk\8.0.419\Microsoft\Microsoft.NET.Build.Extensions\net461\lib\System.Globalization.dll [C:\Users\Alon-TUF\Desktop\WIP\SimpleBackup\SimpleBackup.csproj]
C:\Program Files\dotnet\sdk\8.0.419\Microsoft.Common.CurrentVersion.targets(2412,5): warning MSB3277:           Project file item includes which caused reference "C:\Program Files\dotnet\sdk\8.0.419\Microsoft\Microsoft.NET.Build.Extensions\net461\lib\System.Globalization.dll". [C:\Users\Alon-TUF\Desktop\WIP\SimpleBackup\SimpleBackup.csproj]
C:\Program Files\dotnet\sdk\8.0.419\Microsoft.Common.CurrentVersion.targets(2412,5): warning MSB3277:             System.Globalization [C:\Users\Alon-TUF\Desktop\WIP\SimpleBackup\SimpleBackup.csproj]
C:\Program Files\dotnet\sdk\8.0.419\Microsoft.Common.CurrentVersion.targets(2412,5): warning MSB3277:             netfx.force.conflicts [C:\Users\Alon-TUF\Desktop\WIP\SimpleBackup\SimpleBackup.csproj]
C:\Program Files\dotnet\sdk\8.0.419\Microsoft.Common.CurrentVersion.targets(2412,5): warning MSB3277:         C:\Program Files\dotnet\sdk\8.0.419\Microsoft\Microsoft.NET.Build.Extensions\net461\lib\System.IO.Compression.ZipFile.dll [C:\Users\Alon-TUF\Desktop\WIP\SimpleBackup\SimpleBackup.csproj]
C:\Program Files\dotnet\sdk\8.0.419\Microsoft.Common.CurrentVersion.targets(2412,5): warning MSB3277:           Project file item includes which caused reference "C:\Program Files\dotnet\sdk\8.0.419\Microsoft\Microsoft.NET.Build.Extensions\net461\lib\System.IO.Compression.ZipFile.dll". [C:\Users\Alon-TUF\Desktop\WIP\SimpleBackup\SimpleBackup.csproj]
C:\Program Files\dotnet\sdk\8.0.419\Microsoft.Common.CurrentVersion.targets(2412,5): warning MSB3277:             System.IO.Compression.ZipFile [C:\Users\Alon-TUF\Desktop\WIP\SimpleBackup\SimpleBackup.csproj]
C:\Program Files\dotnet\sdk\8.0.419\Microsoft.Common.CurrentVersion.targets(2412,5): warning MSB3277:         C:\Program Files\dotnet\sdk\8.0.419\Microsoft\Microsoft.NET.Build.Extensions\net461\lib\System.IO.dll [C:\Users\Alon-TUF\Desktop\WIP\SimpleBackup\SimpleBackup.csproj]
C:\Program Files\dotnet\sdk\8.0.419\Microsoft.Common.CurrentVersion.targets(2412,5): warning MSB3277:           Project file item includes which caused reference "C:\Program Files\dotnet\sdk\8.0.419\Microsoft\Microsoft.NET.Build.Extensions\net461\lib\System.IO.dll". [C:\Users\Alon-TUF\Desktop\WIP\SimpleBackup\SimpleBackup.csproj]
C:\Program Files\dotnet\sdk\8.0.419\Microsoft.Common.CurrentVersion.targets(2412,5): warning MSB3277:             System.IO [C:\Users\Alon-TUF\Desktop\WIP\SimpleBackup\SimpleBackup.csproj]
C:\Program Files\dotnet\sdk\8.0.419\Microsoft.Common.CurrentVersion.targets(2412,5): warning MSB3277:             netfx.force.conflicts [C:\Users\Alon-TUF\Desktop\WIP\SimpleBackup\SimpleBackup.csproj]
C:\Program Files\dotnet\sdk\8.0.419\Microsoft.Common.CurrentVersion.targets(2412,5): warning MSB3277:         C:\Program Files\dotnet\sdk\8.0.419\Microsoft\Microsoft.NET.Build.Extensions\net461\lib\System.IO.FileSystem.dll [C:\Users\Alon-TUF\Desktop\WIP\SimpleBackup\SimpleBackup.csproj]
C:\Program Files\dotnet\sdk\8.0.419\Microsoft.Common.CurrentVersion.targets(2412,5): warning MSB3277:           Project file item includes which caused reference "C:\Program Files\dotnet\sdk\8.0.419\Microsoft\Microsoft.NET.Build.Extensions\net461\lib\System.IO.FileSystem.dll". [C:\Users\Alon-TUF\Desktop\WIP\SimpleBackup\SimpleBackup.csproj]
C:\Program Files\dotnet\sdk\8.0.419\Microsoft.Common.CurrentVersion.targets(2412,5): warning MSB3277:             System.IO.FileSystem [C:\Users\Alon-TUF\Desktop\WIP\SimpleBackup\SimpleBackup.csproj]
C:\Program Files\dotnet\sdk\8.0.419\Microsoft.Common.CurrentVersion.targets(2412,5): warning MSB3277:         C:\Program Files\dotnet\sdk\8.0.419\Microsoft\Microsoft.NET.Build.Extensions\net461\lib\System.IO.FileSystem.DriveInfo.dll [C:\Users\Alon-TUF\Desktop\WIP\SimpleBackup\SimpleBackup.csproj]
C:\Program Files\dotnet\sdk\8.0.419\Microsoft.Common.CurrentVersion.targets(2412,5): warning MSB3277:           Project file item includes which caused reference "C:\Program Files\dotnet\sdk\8.0.419\Microsoft\Microsoft.NET.Build.Extensions\net461\lib\System.IO.FileSystem.DriveInfo.dll". [C:\Users\Alon-TUF\Desktop\WIP\SimpleBackup\SimpleBackup.csproj]
C:\Program Files\dotnet\sdk\8.0.419\Microsoft.Common.CurrentVersion.targets(2412,5): warning MSB3277:             System.IO.FileSystem.DriveInfo [C:\Users\Alon-TUF\Desktop\WIP\SimpleBackup\SimpleBackup.csproj]
C:\Program Files\dotnet\sdk\8.0.419\Microsoft.Common.CurrentVersion.targets(2412,5): warning MSB3277:         C:\Program Files\dotnet\sdk\8.0.419\Microsoft\Microsoft.NET.Build.Extensions\net461\lib\System.IO.FileSystem.Primitives.dll [C:\Users\Alon-TUF\Desktop\WIP\SimpleBackup\SimpleBackup.csproj]
C:\Program Files\dotnet\sdk\8.0.419\Microsoft.Common.CurrentVersion.targets(2412,5): warning MSB3277:           Project file item includes which caused reference "C:\Program Files\dotnet\sdk\8.0.419\Microsoft\Microsoft.NET.Build.Extensions\net461\lib\System.IO.FileSystem.Primitives.dll". [C:\Users\Alon-TUF\Desktop\WIP\SimpleBackup\SimpleBackup.csproj]
C:\Program Files\dotnet\sdk\8.0.419\Microsoft.Common.CurrentVersion.targets(2412,5): warning MSB3277:             System.IO.FileSystem.Primitives [C:\Users\Alon-TUF\Desktop\WIP\SimpleBackup\SimpleBackup.csproj]
C:\Program Files\dotnet\sdk\8.0.419\Microsoft.Common.CurrentVersion.targets(2412,5): warning MSB3277:         C:\Program Files\dotnet\sdk\8.0.419\Microsoft\Microsoft.NET.Build.Extensions\net461\lib\System.IO.FileSystem.Watcher.dll [C:\Users\Alon-TUF\Desktop\WIP\SimpleBackup\SimpleBackup.csproj]
C:\Program Files\dotnet\sdk\8.0.419\Microsoft.Common.CurrentVersion.targets(2412,5): warning MSB3277:           Project file item includes which caused reference "C:\Program Files\dotnet\sdk\8.0.419\Microsoft\Microsoft.NET.Build.Extensions\net461\lib\System.IO.FileSystem.Watcher.dll". [C:\Users\Alon-TUF\Desktop\WIP\SimpleBackup\SimpleBackup.csproj]
C:\Program Files\dotnet\sdk\8.0.419\Microsoft.Common.CurrentVersion.targets(2412,5): warning MSB3277:             System.IO.FileSystem.Watcher [C:\Users\Alon-TUF\Desktop\WIP\SimpleBackup\SimpleBackup.csproj]
C:\Program Files\dotnet\sdk\8.0.419\Microsoft.Common.CurrentVersion.targets(2412,5): warning MSB3277:         C:\Program Files\dotnet\sdk\8.0.419\Microsoft\Microsoft.NET.Build.Extensions\net461\lib\System.IO.IsolatedStorage.dll [C:\Users\Alon-TUF\Desktop\WIP\SimpleBackup\SimpleBackup.csproj]
C:\Program Files\dotnet\sdk\8.0.419\Microsoft.Common.CurrentVersion.targets(2412,5): warning MSB3277:           Project file item includes which caused reference "C:\Program Files\dotnet\sdk\8.0.419\Microsoft\Microsoft.NET.Build.Extensions\net461\lib\System.IO.IsolatedStorage.dll". [C:\Users\Alon-TUF\Desktop\WIP\SimpleBackup\SimpleBackup.csproj]
C:\Program Files\dotnet\sdk\8.0.419\Microsoft.Common.CurrentVersion.targets(2412,5): warning MSB3277:             System.IO.IsolatedStorage [C:\Users\Alon-TUF\Desktop\WIP\SimpleBackup\SimpleBackup.csproj]
C:\Program Files\dotnet\sdk\8.0.419\Microsoft.Common.CurrentVersion.targets(2412,5): warning MSB3277:         C:\Program Files\dotnet\sdk\8.0.419\Microsoft\Microsoft.NET.Build.Extensions\net461\lib\System.IO.MemoryMappedFiles.dll [C:\Users\Alon-TUF\Desktop\WIP\SimpleBackup\SimpleBackup.csproj]
C:\Program Files\dotnet\sdk\8.0.419\Microsoft.Common.CurrentVersion.targets(2412,5): warning MSB3277:           Project file item includes which caused reference "C:\Program Files\dotnet\sdk\8.0.419\Microsoft\Microsoft.NET.Build.Extensions\net461\lib\System.IO.MemoryMappedFiles.dll". [C:\Users\Alon-TUF\Desktop\WIP\SimpleBackup\SimpleBackup.csproj]
C:\Program Files\dotnet\sdk\8.0.419\Microsoft.Common.CurrentVersion.targets(2412,5): warning MSB3277:             System.IO.MemoryMappedFiles [C:\Users\Alon-TUF\Desktop\WIP\SimpleBackup\SimpleBackup.csproj]
C:\Program Files\dotnet\sdk\8.0.419\Microsoft.Common.CurrentVersion.targets(2412,5): warning MSB3277:         C:\Program Files\dotnet\sdk\8.0.419\Microsoft\Microsoft.NET.Build.Extensions\net461\lib\System.IO.Pipes.dll [C:\Users\Alon-TUF\Desktop\WIP\SimpleBackup\SimpleBackup.csproj]
C:\Program Files\dotnet\sdk\8.0.419\Microsoft.Common.CurrentVersion.targets(2412,5): warning MSB3277:           Project file item includes which caused reference "C:\Program Files\dotnet\sdk\8.0.419\Microsoft\Microsoft.NET.Build.Extensions\net461\lib\System.IO.Pipes.dll". [C:\Users\Alon-TUF\Desktop\WIP\SimpleBackup\SimpleBackup.csproj]
C:\Program Files\dotnet\sdk\8.0.419\Microsoft.Common.CurrentVersion.targets(2412,5): warning MSB3277:             System.IO.Pipes [C:\Users\Alon-TUF\Desktop\WIP\SimpleBackup\SimpleBackup.csproj]
C:\Program Files\dotnet\sdk\8.0.419\Microsoft.Common.CurrentVersion.targets(2412,5): warning MSB3277:         C:\Program Files\dotnet\sdk\8.0.419\Microsoft\Microsoft.NET.Build.Extensions\net461\lib\System.IO.UnmanagedMemoryStream.dll [C:\Users\Alon-TUF\Desktop\WIP\SimpleBackup\SimpleBackup.csproj]
C:\Program Files\dotnet\sdk\8.0.419\Microsoft.Common.CurrentVersion.targets(2412,5): warning MSB3277:           Project file item includes which caused reference "C:\Program Files\dotnet\sdk\8.0.419\Microsoft\Microsoft.NET.Build.Extensions\net461\lib\System.IO.UnmanagedMemoryStream.dll". [C:\Users\Alon-TUF\Desktop\WIP\SimpleBackup\SimpleBackup.csproj]
C:\Program Files\dotnet\sdk\8.0.419\Microsoft.Common.CurrentVersion.targets(2412,5): warning MSB3277:             System.IO.UnmanagedMemoryStream [C:\Users\Alon-TUF\Desktop\WIP\SimpleBackup\SimpleBackup.csproj]
C:\Program Files\dotnet\sdk\8.0.419\Microsoft.Common.CurrentVersion.targets(2412,5): warning MSB3277:         C:\Program Files\dotnet\sdk\8.0.419\Microsoft\Microsoft.NET.Build.Extensions\net461\lib\System.Linq.dll [C:\Users\Alon-TUF\Desktop\WIP\SimpleBackup\SimpleBackup.csproj]
C:\Program Files\dotnet\sdk\8.0.419\Microsoft.Common.CurrentVersion.targets(2412,5): warning MSB3277:           Project file item includes which caused reference "C:\Program Files\dotnet\sdk\8.0.419\Microsoft\Microsoft.NET.Build.Extensions\net461\lib\System.Linq.dll". [C:\Users\Alon-TUF\Desktop\WIP\SimpleBackup\SimpleBackup.csproj]
C:\Program Files\dotnet\sdk\8.0.419\Microsoft.Common.CurrentVersion.targets(2412,5): warning MSB3277:             System.Linq [C:\Users\Alon-TUF\Desktop\WIP\SimpleBackup\SimpleBackup.csproj]
C:\Program Files\dotnet\sdk\8.0.419\Microsoft.Common.CurrentVersion.targets(2412,5): warning MSB3277:             netfx.force.conflicts [C:\Users\Alon-TUF\Desktop\WIP\SimpleBackup\SimpleBackup.csproj]
C:\Program Files\dotnet\sdk\8.0.419\Microsoft.Common.CurrentVersion.targets(2412,5): warning MSB3277:         C:\Program Files\dotnet\sdk\8.0.419\Microsoft\Microsoft.NET.Build.Extensions\net461\lib\System.Linq.Expressions.dll [C:\Users\Alon-TUF\Desktop\WIP\SimpleBackup\SimpleBackup.csproj]
C:\Program Files\dotnet\sdk\8.0.419\Microsoft.Common.CurrentVersion.targets(2412,5): warning MSB3277:           Project file item includes which caused reference "C:\Program Files\dotnet\sdk\8.0.419\Microsoft\Microsoft.NET.Build.Extensions\net461\lib\System.Linq.Expressions.dll". [C:\Users\Alon-TUF\Desktop\WIP\SimpleBackup\SimpleBackup.csproj]
C:\Program Files\dotnet\sdk\8.0.419\Microsoft.Common.CurrentVersion.targets(2412,5): warning MSB3277:             System.Linq.Expressions [C:\Users\Alon-TUF\Desktop\WIP\SimpleBackup\SimpleBackup.csproj]
C:\Program Files\dotnet\sdk\8.0.419\Microsoft.Common.CurrentVersion.targets(2412,5): warning MSB3277:             netfx.force.conflicts [C:\Users\Alon-TUF\Desktop\WIP\SimpleBackup\SimpleBackup.csproj]
C:\Program Files\dotnet\sdk\8.0.419\Microsoft.Common.CurrentVersion.targets(2412,5): warning MSB3277:         C:\Program Files\dotnet\sdk\8.0.419\Microsoft\Microsoft.NET.Build.Extensions\net461\lib\System.Linq.Parallel.dll [C:\Users\Alon-TUF\Desktop\WIP\SimpleBackup\SimpleBackup.csproj]
C:\Program Files\dotnet\sdk\8.0.419\Microsoft.Common.CurrentVersion.targets(2412,5): warning MSB3277:           Project file item includes which caused reference "C:\Program Files\dotnet\sdk\8.0.419\Microsoft\Microsoft.NET.Build.Extensions\net461\lib\System.Linq.Parallel.dll". [C:\Users\Alon-TUF\Desktop\WIP\SimpleBackup\SimpleBackup.csproj]
C:\Program Files\dotnet\sdk\8.0.419\Microsoft.Common.CurrentVersion.targets(2412,5): warning MSB3277:             System.Linq.Parallel [C:\Users\Alon-TUF\Desktop\WIP\SimpleBackup\SimpleBackup.csproj]
C:\Program Files\dotnet\sdk\8.0.419\Microsoft.Common.CurrentVersion.targets(2412,5): warning MSB3277:             netfx.force.conflicts [C:\Users\Alon-TUF\Desktop\WIP\SimpleBackup\SimpleBackup.csproj]
C:\Program Files\dotnet\sdk\8.0.419\Microsoft.Common.CurrentVersion.targets(2412,5): warning MSB3277:         C:\Program Files\dotnet\sdk\8.0.419\Microsoft\Microsoft.NET.Build.Extensions\net461\lib\System.Linq.Queryable.dll [C:\Users\Alon-TUF\Desktop\WIP\SimpleBackup\SimpleBackup.csproj]
C:\Program Files\dotnet\sdk\8.0.419\Microsoft.Common.CurrentVersion.targets(2412,5): warning MSB3277:           Project file item includes which caused reference "C:\Program Files\dotnet\sdk\8.0.419\Microsoft\Microsoft.NET.Build.Extensions\net461\lib\System.Linq.Queryable.dll". [C:\Users\Alon-TUF\Desktop\WIP\SimpleBackup\SimpleBackup.csproj]
C:\Program Files\dotnet\sdk\8.0.419\Microsoft.Common.CurrentVersion.targets(2412,5): warning MSB3277:             System.Linq.Queryable [C:\Users\Alon-TUF\Desktop\WIP\SimpleBackup\SimpleBackup.csproj]
C:\Program Files\dotnet\sdk\8.0.419\Microsoft.Common.CurrentVersion.targets(2412,5): warning MSB3277:             netfx.force.conflicts [C:\Users\Alon-TUF\Desktop\WIP\SimpleBackup\SimpleBackup.csproj]
C:\Program Files\dotnet\sdk\8.0.419\Microsoft.Common.CurrentVersion.targets(2412,5): warning MSB3277:         C:\Program Files\dotnet\sdk\8.0.419\Microsoft\Microsoft.NET.Build.Extensions\net461\lib\System.Net.NameResolution.dll [C:\Users\Alon-TUF\Desktop\WIP\SimpleBackup\SimpleBackup.csproj]
C:\Program Files\dotnet\sdk\8.0.419\Microsoft.Common.CurrentVersion.targets(2412,5): warning MSB3277:           Project file item includes which caused reference "C:\Program Files\dotnet\sdk\8.0.419\Microsoft\Microsoft.NET.Build.Extensions\net461\lib\System.Net.NameResolution.dll". [C:\Users\Alon-TUF\Desktop\WIP\SimpleBackup\SimpleBackup.csproj]
C:\Program Files\dotnet\sdk\8.0.419\Microsoft.Common.CurrentVersion.targets(2412,5): warning MSB3277:             System.Net.NameResolution [C:\Users\Alon-TUF\Desktop\WIP\SimpleBackup\SimpleBackup.csproj]
C:\Program Files\dotnet\sdk\8.0.419\Microsoft.Common.CurrentVersion.targets(2412,5): warning MSB3277:         C:\Program Files\dotnet\sdk\8.0.419\Microsoft\Microsoft.NET.Build.Extensions\net461\lib\System.Net.NetworkInformation.dll [C:\Users\Alon-TUF\Desktop\WIP\SimpleBackup\SimpleBackup.csproj]
C:\Program Files\dotnet\sdk\8.0.419\Microsoft.Common.CurrentVersion.targets(2412,5): warning MSB3277:           Project file item includes which caused reference "C:\Program Files\dotnet\sdk\8.0.419\Microsoft\Microsoft.NET.Build.Extensions\net461\lib\System.Net.NetworkInformation.dll". [C:\Users\Alon-TUF\Desktop\WIP\SimpleBackup\SimpleBackup.csproj]
C:\Program Files\dotnet\sdk\8.0.419\Microsoft.Common.CurrentVersion.targets(2412,5): warning MSB3277:             System.Net.NetworkInformation [C:\Users\Alon-TUF\Desktop\WIP\SimpleBackup\SimpleBackup.csproj]
C:\Program Files\dotnet\sdk\8.0.419\Microsoft.Common.CurrentVersion.targets(2412,5): warning MSB3277:             netfx.force.conflicts [C:\Users\Alon-TUF\Desktop\WIP\SimpleBackup\SimpleBackup.csproj]
C:\Program Files\dotnet\sdk\8.0.419\Microsoft.Common.CurrentVersion.targets(2412,5): warning MSB3277:         C:\Program Files\dotnet\sdk\8.0.419\Microsoft\Microsoft.NET.Build.Extensions\net461\lib\System.Net.Ping.dll [C:\Users\Alon-TUF\Desktop\WIP\SimpleBackup\SimpleBackup.csproj]
C:\Program Files\dotnet\sdk\8.0.419\Microsoft.Common.CurrentVersion.targets(2412,5): warning MSB3277:           Project file item includes which caused reference "C:\Program Files\dotnet\sdk\8.0.419\Microsoft\Microsoft.NET.Build.Extensions\net461\lib\System.Net.Ping.dll". [C:\Users\Alon-TUF\Desktop\WIP\SimpleBackup\SimpleBackup.csproj]
C:\Program Files\dotnet\sdk\8.0.419\Microsoft.Common.CurrentVersion.targets(2412,5): warning MSB3277:             System.Net.Ping [C:\Users\Alon-TUF\Desktop\WIP\SimpleBackup\SimpleBackup.csproj]
C:\Program Files\dotnet\sdk\8.0.419\Microsoft.Common.CurrentVersion.targets(2412,5): warning MSB3277:         C:\Program Files\dotnet\sdk\8.0.419\Microsoft\Microsoft.NET.Build.Extensions\net461\lib\System.Net.Primitives.dll [C:\Users\Alon-TUF\Desktop\WIP\SimpleBackup\SimpleBackup.csproj]
C:\Program Files\dotnet\sdk\8.0.419\Microsoft.Common.CurrentVersion.targets(2412,5): warning MSB3277:           Project file item includes which caused reference "C:\Program Files\dotnet\sdk\8.0.419\Microsoft\Microsoft.NET.Build.Extensions\net461\lib\System.Net.Primitives.dll". [C:\Users\Alon-TUF\Desktop\WIP\SimpleBackup\SimpleBackup.csproj]
C:\Program Files\dotnet\sdk\8.0.419\Microsoft.Common.CurrentVersion.targets(2412,5): warning MSB3277:             System.Net.Primitives [C:\Users\Alon-TUF\Desktop\WIP\SimpleBackup\SimpleBackup.csproj]
C:\Program Files\dotnet\sdk\8.0.419\Microsoft.Common.CurrentVersion.targets(2412,5): warning MSB3277:             netfx.force.conflicts [C:\Users\Alon-TUF\Desktop\WIP\SimpleBackup\SimpleBackup.csproj]
C:\Program Files\dotnet\sdk\8.0.419\Microsoft.Common.CurrentVersion.targets(2412,5): warning MSB3277:         C:\Program Files\dotnet\sdk\8.0.419\Microsoft\Microsoft.NET.Build.Extensions\net461\lib\System.Net.Requests.dll [C:\Users\Alon-TUF\Desktop\WIP\SimpleBackup\SimpleBackup.csproj]
C:\Program Files\dotnet\sdk\8.0.419\Microsoft.Common.CurrentVersion.targets(2412,5): warning MSB3277:           Project file item includes which caused reference "C:\Program Files\dotnet\sdk\8.0.419\Microsoft\Microsoft.NET.Build.Extensions\net461\lib\System.Net.Requests.dll". [C:\Users\Alon-TUF\Desktop\WIP\SimpleBackup\SimpleBackup.csproj]
C:\Program Files\dotnet\sdk\8.0.419\Microsoft.Common.CurrentVersion.targets(2412,5): warning MSB3277:             System.Net.Requests [C:\Users\Alon-TUF\Desktop\WIP\SimpleBackup\SimpleBackup.csproj]
C:\Program Files\dotnet\sdk\8.0.419\Microsoft.Common.CurrentVersion.targets(2412,5): warning MSB3277:             netfx.force.conflicts [C:\Users\Alon-TUF\Desktop\WIP\SimpleBackup\SimpleBackup.csproj]
C:\Program Files\dotnet\sdk\8.0.419\Microsoft.Common.CurrentVersion.targets(2412,5): warning MSB3277:         C:\Program Files\dotnet\sdk\8.0.419\Microsoft\Microsoft.NET.Build.Extensions\net461\lib\System.Net.Security.dll [C:\Users\Alon-TUF\Desktop\WIP\SimpleBackup\SimpleBackup.csproj]
C:\Program Files\dotnet\sdk\8.0.419\Microsoft.Common.CurrentVersion.targets(2412,5): warning MSB3277:           Project file item includes which caused reference "C:\Program Files\dotnet\sdk\8.0.419\Microsoft\Microsoft.NET.Build.Extensions\net461\lib\System.Net.Security.dll". [C:\Users\Alon-TUF\Desktop\WIP\SimpleBackup\SimpleBackup.csproj]
C:\Program Files\dotnet\sdk\8.0.419\Microsoft.Common.CurrentVersion.targets(2412,5): warning MSB3277:             System.Net.Security [C:\Users\Alon-TUF\Desktop\WIP\SimpleBackup\SimpleBackup.csproj]
C:\Program Files\dotnet\sdk\8.0.419\Microsoft.Common.CurrentVersion.targets(2412,5): warning MSB3277:         C:\Program Files\dotnet\sdk\8.0.419\Microsoft\Microsoft.NET.Build.Extensions\net461\lib\System.Net.WebHeaderCollection.dll [C:\Users\Alon-TUF\Desktop\WIP\SimpleBackup\SimpleBackup.csproj]
C:\Program Files\dotnet\sdk\8.0.419\Microsoft.Common.CurrentVersion.targets(2412,5): warning MSB3277:           Project file item includes which caused reference "C:\Program Files\dotnet\sdk\8.0.419\Microsoft\Microsoft.NET.Build.Extensions\net461\lib\System.Net.WebHeaderCollection.dll". [C:\Users\Alon-TUF\Desktop\WIP\SimpleBackup\SimpleBackup.csproj]
C:\Program Files\dotnet\sdk\8.0.419\Microsoft.Common.CurrentVersion.targets(2412,5): warning MSB3277:             System.Net.WebHeaderCollection [C:\Users\Alon-TUF\Desktop\WIP\SimpleBackup\SimpleBackup.csproj]
C:\Program Files\dotnet\sdk\8.0.419\Microsoft.Common.CurrentVersion.targets(2412,5): warning MSB3277:         C:\Program Files\dotnet\sdk\8.0.419\Microsoft\Microsoft.NET.Build.Extensions\net461\lib\System.Net.WebSockets.Client.dll [C:\Users\Alon-TUF\Desktop\WIP\SimpleBackup\SimpleBackup.csproj]
C:\Program Files\dotnet\sdk\8.0.419\Microsoft.Common.CurrentVersion.targets(2412,5): warning MSB3277:           Project file item includes which caused reference "C:\Program Files\dotnet\sdk\8.0.419\Microsoft\Microsoft.NET.Build.Extensions\net461\lib\System.Net.WebSockets.Client.dll". [C:\Users\Alon-TUF\Desktop\WIP\SimpleBackup\SimpleBackup.csproj]
C:\Program Files\dotnet\sdk\8.0.419\Microsoft.Common.CurrentVersion.targets(2412,5): warning MSB3277:             System.Net.WebSockets.Client [C:\Users\Alon-TUF\Desktop\WIP\SimpleBackup\SimpleBackup.csproj]
C:\Program Files\dotnet\sdk\8.0.419\Microsoft.Common.CurrentVersion.targets(2412,5): warning MSB3277:         C:\Program Files\dotnet\sdk\8.0.419\Microsoft\Microsoft.NET.Build.Extensions\net461\lib\System.Net.WebSockets.dll [C:\Users\Alon-TUF\Desktop\WIP\SimpleBackup\SimpleBackup.csproj]
C:\Program Files\dotnet\sdk\8.0.419\Microsoft.Common.CurrentVersion.targets(2412,5): warning MSB3277:           Project file item includes which caused reference "C:\Program Files\dotnet\sdk\8.0.419\Microsoft\Microsoft.NET.Build.Extensions\net461\lib\System.Net.WebSockets.dll". [C:\Users\Alon-TUF\Desktop\WIP\SimpleBackup\SimpleBackup.csproj]
C:\Program Files\dotnet\sdk\8.0.419\Microsoft.Common.CurrentVersion.targets(2412,5): warning MSB3277:             System.Net.WebSockets [C:\Users\Alon-TUF\Desktop\WIP\SimpleBackup\SimpleBackup.csproj]
C:\Program Files\dotnet\sdk\8.0.419\Microsoft.Common.CurrentVersion.targets(2412,5): warning MSB3277:         C:\Program Files\dotnet\sdk\8.0.419\Microsoft\Microsoft.NET.Build.Extensions\net461\lib\System.ObjectModel.dll [C:\Users\Alon-TUF\Desktop\WIP\SimpleBackup\SimpleBackup.csproj]
C:\Program Files\dotnet\sdk\8.0.419\Microsoft.Common.CurrentVersion.targets(2412,5): warning MSB3277:           Project file item includes which caused reference "C:\Program Files\dotnet\sdk\8.0.419\Microsoft\Microsoft.NET.Build.Extensions\net461\lib\System.ObjectModel.dll". [C:\Users\Alon-TUF\Desktop\WIP\SimpleBackup\SimpleBackup.csproj]
C:\Program Files\dotnet\sdk\8.0.419\Microsoft.Common.CurrentVersion.targets(2412,5): warning MSB3277:             System.ObjectModel [C:\Users\Alon-TUF\Desktop\WIP\SimpleBackup\SimpleBackup.csproj]
C:\Program Files\dotnet\sdk\8.0.419\Microsoft.Common.CurrentVersion.targets(2412,5): warning MSB3277:             netfx.force.conflicts [C:\Users\Alon-TUF\Desktop\WIP\SimpleBackup\SimpleBackup.csproj]
C:\Program Files\dotnet\sdk\8.0.419\Microsoft.Common.CurrentVersion.targets(2412,5): warning MSB3277:         C:\Program Files\dotnet\sdk\8.0.419\Microsoft\Microsoft.NET.Build.Extensions\net461\lib\System.Reflection.dll [C:\Users\Alon-TUF\Desktop\WIP\SimpleBackup\SimpleBackup.csproj]
C:\Program Files\dotnet\sdk\8.0.419\Microsoft.Common.CurrentVersion.targets(2412,5): warning MSB3277:           Project file item includes which caused reference "C:\Program Files\dotnet\sdk\8.0.419\Microsoft\Microsoft.NET.Build.Extensions\net461\lib\System.Reflection.dll". [C:\Users\Alon-TUF\Desktop\WIP\SimpleBackup\SimpleBackup.csproj]
C:\Program Files\dotnet\sdk\8.0.419\Microsoft.Common.CurrentVersion.targets(2412,5): warning MSB3277:             System.Reflection [C:\Users\Alon-TUF\Desktop\WIP\SimpleBackup\SimpleBackup.csproj]
C:\Program Files\dotnet\sdk\8.0.419\Microsoft.Common.CurrentVersion.targets(2412,5): warning MSB3277:             netfx.force.conflicts [C:\Users\Alon-TUF\Desktop\WIP\SimpleBackup\SimpleBackup.csproj]
C:\Program Files\dotnet\sdk\8.0.419\Microsoft.Common.CurrentVersion.targets(2412,5): warning MSB3277:         C:\Program Files\dotnet\sdk\8.0.419\Microsoft\Microsoft.NET.Build.Extensions\net461\lib\System.Reflection.Extensions.dll [C:\Users\Alon-TUF\Desktop\WIP\SimpleBackup\SimpleBackup.csproj]
C:\Program Files\dotnet\sdk\8.0.419\Microsoft.Common.CurrentVersion.targets(2412,5): warning MSB3277:           Project file item includes which caused reference "C:\Program Files\dotnet\sdk\8.0.419\Microsoft\Microsoft.NET.Build.Extensions\net461\lib\System.Reflection.Extensions.dll". [C:\Users\Alon-TUF\Desktop\WIP\SimpleBackup\SimpleBackup.csproj]
C:\Program Files\dotnet\sdk\8.0.419\Microsoft.Common.CurrentVersion.targets(2412,5): warning MSB3277:             System.Reflection.Extensions [C:\Users\Alon-TUF\Desktop\WIP\SimpleBackup\SimpleBackup.csproj]
C:\Program Files\dotnet\sdk\8.0.419\Microsoft.Common.CurrentVersion.targets(2412,5): warning MSB3277:             netfx.force.conflicts [C:\Users\Alon-TUF\Desktop\WIP\SimpleBackup\SimpleBackup.csproj]
C:\Program Files\dotnet\sdk\8.0.419\Microsoft.Common.CurrentVersion.targets(2412,5): warning MSB3277:         C:\Program Files\dotnet\sdk\8.0.419\Microsoft\Microsoft.NET.Build.Extensions\net461\lib\System.Reflection.Primitives.dll [C:\Users\Alon-TUF\Desktop\WIP\SimpleBackup\SimpleBackup.csproj]
C:\Program Files\dotnet\sdk\8.0.419\Microsoft.Common.CurrentVersion.targets(2412,5): warning MSB3277:           Project file item includes which caused reference "C:\Program Files\dotnet\sdk\8.0.419\Microsoft\Microsoft.NET.Build.Extensions\net461\lib\System.Reflection.Primitives.dll". [C:\Users\Alon-TUF\Desktop\WIP\SimpleBackup\SimpleBackup.csproj]
C:\Program Files\dotnet\sdk\8.0.419\Microsoft.Common.CurrentVersion.targets(2412,5): warning MSB3277:             System.Reflection.Primitives [C:\Users\Alon-TUF\Desktop\WIP\SimpleBackup\SimpleBackup.csproj]
C:\Program Files\dotnet\sdk\8.0.419\Microsoft.Common.CurrentVersion.targets(2412,5): warning MSB3277:             netfx.force.conflicts [C:\Users\Alon-TUF\Desktop\WIP\SimpleBackup\SimpleBackup.csproj]
C:\Program Files\dotnet\sdk\8.0.419\Microsoft.Common.CurrentVersion.targets(2412,5): warning MSB3277:         C:\Program Files\dotnet\sdk\8.0.419\Microsoft\Microsoft.NET.Build.Extensions\net461\lib\System.Resources.Reader.dll [C:\Users\Alon-TUF\Desktop\WIP\SimpleBackup\SimpleBackup.csproj]
C:\Program Files\dotnet\sdk\8.0.419\Microsoft.Common.CurrentVersion.targets(2412,5): warning MSB3277:           Project file item includes which caused reference "C:\Program Files\dotnet\sdk\8.0.419\Microsoft\Microsoft.NET.Build.Extensions\net461\lib\System.Resources.Reader.dll". [C:\Users\Alon-TUF\Desktop\WIP\SimpleBackup\SimpleBackup.csproj]
C:\Program Files\dotnet\sdk\8.0.419\Microsoft.Common.CurrentVersion.targets(2412,5): warning MSB3277:             System.Resources.Reader [C:\Users\Alon-TUF\Desktop\WIP\SimpleBackup\SimpleBackup.csproj]
C:\Program Files\dotnet\sdk\8.0.419\Microsoft.Common.CurrentVersion.targets(2412,5): warning MSB3277:         C:\Program Files\dotnet\sdk\8.0.419\Microsoft\Microsoft.NET.Build.Extensions\net461\lib\System.Resources.ResourceManager.dll [C:\Users\Alon-TUF\Desktop\WIP\SimpleBackup\SimpleBackup.csproj]
C:\Program Files\dotnet\sdk\8.0.419\Microsoft.Common.CurrentVersion.targets(2412,5): warning MSB3277:           Project file item includes which caused reference "C:\Program Files\dotnet\sdk\8.0.419\Microsoft\Microsoft.NET.Build.Extensions\net461\lib\System.Resources.ResourceManager.dll". [C:\Users\Alon-TUF\Desktop\WIP\SimpleBackup\SimpleBackup.csproj]
C:\Program Files\dotnet\sdk\8.0.419\Microsoft.Common.CurrentVersion.targets(2412,5): warning MSB3277:             System.Resources.ResourceManager [C:\Users\Alon-TUF\Desktop\WIP\SimpleBackup\SimpleBackup.csproj]
C:\Program Files\dotnet\sdk\8.0.419\Microsoft.Common.CurrentVersion.targets(2412,5): warning MSB3277:             netfx.force.conflicts [C:\Users\Alon-TUF\Desktop\WIP\SimpleBackup\SimpleBackup.csproj]
C:\Program Files\dotnet\sdk\8.0.419\Microsoft.Common.CurrentVersion.targets(2412,5): warning MSB3277:         C:\Program Files\dotnet\sdk\8.0.419\Microsoft\Microsoft.NET.Build.Extensions\net461\lib\System.Resources.Writer.dll [C:\Users\Alon-TUF\Desktop\WIP\SimpleBackup\SimpleBackup.csproj]
C:\Program Files\dotnet\sdk\8.0.419\Microsoft.Common.CurrentVersion.targets(2412,5): warning MSB3277:           Project file item includes which caused reference "C:\Program Files\dotnet\sdk\8.0.419\Microsoft\Microsoft.NET.Build.Extensions\net461\lib\System.Resources.Writer.dll". [C:\Users\Alon-TUF\Desktop\WIP\SimpleBackup\SimpleBackup.csproj]
C:\Program Files\dotnet\sdk\8.0.419\Microsoft.Common.CurrentVersion.targets(2412,5): warning MSB3277:             System.Resources.Writer [C:\Users\Alon-TUF\Desktop\WIP\SimpleBackup\SimpleBackup.csproj]
C:\Program Files\dotnet\sdk\8.0.419\Microsoft.Common.CurrentVersion.targets(2412,5): warning MSB3277:         C:\Program Files\dotnet\sdk\8.0.419\Microsoft\Microsoft.NET.Build.Extensions\net461\lib\System.Runtime.CompilerServices.VisualC.dll [C:\Users\Alon-TUF\Desktop\WIP\SimpleBackup\SimpleBackup.csproj]
C:\Program Files\dotnet\sdk\8.0.419\Microsoft.Common.CurrentVersion.targets(2412,5): warning MSB3277:           Project file item includes which caused reference "C:\Program Files\dotnet\sdk\8.0.419\Microsoft\Microsoft.NET.Build.Extensions\net461\lib\System.Runtime.CompilerServices.VisualC.dll". [C:\Users\Alon-TUF\Desktop\WIP\SimpleBackup\SimpleBackup.csproj]
C:\Program Files\dotnet\sdk\8.0.419\Microsoft.Common.CurrentVersion.targets(2412,5): warning MSB3277:             System.Runtime.CompilerServices.VisualC [C:\Users\Alon-TUF\Desktop\WIP\SimpleBackup\SimpleBackup.csproj]
C:\Program Files\dotnet\sdk\8.0.419\Microsoft.Common.CurrentVersion.targets(2412,5): warning MSB3277:         C:\Program Files\dotnet\sdk\8.0.419\Microsoft\Microsoft.NET.Build.Extensions\net461\lib\System.Runtime.dll [C:\Users\Alon-TUF\Desktop\WIP\SimpleBackup\SimpleBackup.csproj]
C:\Program Files\dotnet\sdk\8.0.419\Microsoft.Common.CurrentVersion.targets(2412,5): warning MSB3277:           Project file item includes which caused reference "C:\Program Files\dotnet\sdk\8.0.419\Microsoft\Microsoft.NET.Build.Extensions\net461\lib\System.Runtime.dll". [C:\Users\Alon-TUF\Desktop\WIP\SimpleBackup\SimpleBackup.csproj]
C:\Program Files\dotnet\sdk\8.0.419\Microsoft.Common.CurrentVersion.targets(2412,5): warning MSB3277:             System.Runtime [C:\Users\Alon-TUF\Desktop\WIP\SimpleBackup\SimpleBackup.csproj]
C:\Program Files\dotnet\sdk\8.0.419\Microsoft.Common.CurrentVersion.targets(2412,5): warning MSB3277:             netfx.force.conflicts [C:\Users\Alon-TUF\Desktop\WIP\SimpleBackup\SimpleBackup.csproj]
C:\Program Files\dotnet\sdk\8.0.419\Microsoft.Common.CurrentVersion.targets(2412,5): warning MSB3277:         C:\Program Files\dotnet\sdk\8.0.419\Microsoft\Microsoft.NET.Build.Extensions\net461\lib\System.Runtime.Extensions.dll [C:\Users\Alon-TUF\Desktop\WIP\SimpleBackup\SimpleBackup.csproj]
C:\Program Files\dotnet\sdk\8.0.419\Microsoft.Common.CurrentVersion.targets(2412,5): warning MSB3277:           Project file item includes which caused reference "C:\Program Files\dotnet\sdk\8.0.419\Microsoft\Microsoft.NET.Build.Extensions\net461\lib\System.Runtime.Extensions.dll". [C:\Users\Alon-TUF\Desktop\WIP\SimpleBackup\SimpleBackup.csproj]
C:\Program Files\dotnet\sdk\8.0.419\Microsoft.Common.CurrentVersion.targets(2412,5): warning MSB3277:             System.Runtime.Extensions [C:\Users\Alon-TUF\Desktop\WIP\SimpleBackup\SimpleBackup.csproj]
C:\Program Files\dotnet\sdk\8.0.419\Microsoft.Common.CurrentVersion.targets(2412,5): warning MSB3277:             netfx.force.conflicts [C:\Users\Alon-TUF\Desktop\WIP\SimpleBackup\SimpleBackup.csproj]
C:\Program Files\dotnet\sdk\8.0.419\Microsoft.Common.CurrentVersion.targets(2412,5): warning MSB3277:         C:\Program Files\dotnet\sdk\8.0.419\Microsoft\Microsoft.NET.Build.Extensions\net461\lib\System.Runtime.Handles.dll [C:\Users\Alon-TUF\Desktop\WIP\SimpleBackup\SimpleBackup.csproj]
C:\Program Files\dotnet\sdk\8.0.419\Microsoft.Common.CurrentVersion.targets(2412,5): warning MSB3277:           Project file item includes which caused reference "C:\Program Files\dotnet\sdk\8.0.419\Microsoft\Microsoft.NET.Build.Extensions\net461\lib\System.Runtime.Handles.dll". [C:\Users\Alon-TUF\Desktop\WIP\SimpleBackup\SimpleBackup.csproj]
C:\Program Files\dotnet\sdk\8.0.419\Microsoft.Common.CurrentVersion.targets(2412,5): warning MSB3277:             System.Runtime.Handles [C:\Users\Alon-TUF\Desktop\WIP\SimpleBackup\SimpleBackup.csproj]
C:\Program Files\dotnet\sdk\8.0.419\Microsoft.Common.CurrentVersion.targets(2412,5): warning MSB3277:         C:\Program Files\dotnet\sdk\8.0.419\Microsoft\Microsoft.NET.Build.Extensions\net461\lib\System.Runtime.InteropServices.dll [C:\Users\Alon-TUF\Desktop\WIP\SimpleBackup\SimpleBackup.csproj]
C:\Program Files\dotnet\sdk\8.0.419\Microsoft.Common.CurrentVersion.targets(2412,5): warning MSB3277:           Project file item includes which caused reference "C:\Program Files\dotnet\sdk\8.0.419\Microsoft\Microsoft.NET.Build.Extensions\net461\lib\System.Runtime.InteropServices.dll". [C:\Users\Alon-TUF\Desktop\WIP\SimpleBackup\SimpleBackup.csproj]
C:\Program Files\dotnet\sdk\8.0.419\Microsoft.Common.CurrentVersion.targets(2412,5): warning MSB3277:             System.Runtime.InteropServices [C:\Users\Alon-TUF\Desktop\WIP\SimpleBackup\SimpleBackup.csproj]
C:\Program Files\dotnet\sdk\8.0.419\Microsoft.Common.CurrentVersion.targets(2412,5): warning MSB3277:             netfx.force.conflicts [C:\Users\Alon-TUF\Desktop\WIP\SimpleBackup\SimpleBackup.csproj]
C:\Program Files\dotnet\sdk\8.0.419\Microsoft.Common.CurrentVersion.targets(2412,5): warning MSB3277:         C:\Program Files\dotnet\sdk\8.0.419\Microsoft\Microsoft.NET.Build.Extensions\net461\lib\System.Runtime.Numerics.dll [C:\Users\Alon-TUF\Desktop\WIP\SimpleBackup\SimpleBackup.csproj]
C:\Program Files\dotnet\sdk\8.0.419\Microsoft.Common.CurrentVersion.targets(2412,5): warning MSB3277:           Project file item includes which caused reference "C:\Program Files\dotnet\sdk\8.0.419\Microsoft\Microsoft.NET.Build.Extensions\net461\lib\System.Runtime.Numerics.dll". [C:\Users\Alon-TUF\Desktop\WIP\SimpleBackup\SimpleBackup.csproj]
C:\Program Files\dotnet\sdk\8.0.419\Microsoft.Common.CurrentVersion.targets(2412,5): warning MSB3277:             System.Runtime.Numerics [C:\Users\Alon-TUF\Desktop\WIP\SimpleBackup\SimpleBackup.csproj]
C:\Program Files\dotnet\sdk\8.0.419\Microsoft.Common.CurrentVersion.targets(2412,5): warning MSB3277:             netfx.force.conflicts [C:\Users\Alon-TUF\Desktop\WIP\SimpleBackup\SimpleBackup.csproj]
C:\Program Files\dotnet\sdk\8.0.419\Microsoft.Common.CurrentVersion.targets(2412,5): warning MSB3277:         C:\Program Files\dotnet\sdk\8.0.419\Microsoft\Microsoft.NET.Build.Extensions\net461\lib\System.Runtime.Serialization.Formatters.dll [C:\Users\Alon-TUF\Desktop\WIP\SimpleBackup\SimpleBackup.csproj]
C:\Program Files\dotnet\sdk\8.0.419\Microsoft.Common.CurrentVersion.targets(2412,5): warning MSB3277:           Project file item includes which caused reference "C:\Program Files\dotnet\sdk\8.0.419\Microsoft\Microsoft.NET.Build.Extensions\net461\lib\System.Runtime.Serialization.Formatters.dll". [C:\Users\Alon-TUF\Desktop\WIP\SimpleBackup\SimpleBackup.csproj]
C:\Program Files\dotnet\sdk\8.0.419\Microsoft.Common.CurrentVersion.targets(2412,5): warning MSB3277:             System.Runtime.Serialization.Formatters [C:\Users\Alon-TUF\Desktop\WIP\SimpleBackup\SimpleBackup.csproj]
C:\Program Files\dotnet\sdk\8.0.419\Microsoft.Common.CurrentVersion.targets(2412,5): warning MSB3277:         C:\Program Files\dotnet\sdk\8.0.419\Microsoft\Microsoft.NET.Build.Extensions\net461\lib\System.Runtime.Serialization.Json.dll [C:\Users\Alon-TUF\Desktop\WIP\SimpleBackup\SimpleBackup.csproj]
C:\Program Files\dotnet\sdk\8.0.419\Microsoft.Common.CurrentVersion.targets(2412,5): warning MSB3277:           Project file item includes which caused reference "C:\Program Files\dotnet\sdk\8.0.419\Microsoft\Microsoft.NET.Build.Extensions\net461\lib\System.Runtime.Serialization.Json.dll". [C:\Users\Alon-TUF\Desktop\WIP\SimpleBackup\SimpleBackup.csproj]
C:\Program Files\dotnet\sdk\8.0.419\Microsoft.Common.CurrentVersion.targets(2412,5): warning MSB3277:             System.Runtime.Serialization.Json [C:\Users\Alon-TUF\Desktop\WIP\SimpleBackup\SimpleBackup.csproj]
C:\Program Files\dotnet\sdk\8.0.419\Microsoft.Common.CurrentVersion.targets(2412,5): warning MSB3277:             netfx.force.conflicts [C:\Users\Alon-TUF\Desktop\WIP\SimpleBackup\SimpleBackup.csproj]
C:\Program Files\dotnet\sdk\8.0.419\Microsoft.Common.CurrentVersion.targets(2412,5): warning MSB3277:         C:\Program Files\dotnet\sdk\8.0.419\Microsoft\Microsoft.NET.Build.Extensions\net461\lib\System.Security.Claims.dll [C:\Users\Alon-TUF\Desktop\WIP\SimpleBackup\SimpleBackup.csproj]
C:\Program Files\dotnet\sdk\8.0.419\Microsoft.Common.CurrentVersion.targets(2412,5): warning MSB3277:           Project file item includes which caused reference "C:\Program Files\dotnet\sdk\8.0.419\Microsoft\Microsoft.NET.Build.Extensions\net461\lib\System.Security.Claims.dll". [C:\Users\Alon-TUF\Desktop\WIP\SimpleBackup\SimpleBackup.csproj]
C:\Program Files\dotnet\sdk\8.0.419\Microsoft.Common.CurrentVersion.targets(2412,5): warning MSB3277:             System.Security.Claims [C:\Users\Alon-TUF\Desktop\WIP\SimpleBackup\SimpleBackup.csproj]
C:\Program Files\dotnet\sdk\8.0.419\Microsoft.Common.CurrentVersion.targets(2412,5): warning MSB3277:         C:\Program Files\dotnet\sdk\8.0.419\Microsoft\Microsoft.NET.Build.Extensions\net461\lib\System.Security.Cryptography.Csp.dll [C:\Users\Alon-TUF\Desktop\WIP\SimpleBackup\SimpleBackup.csproj]
C:\Program Files\dotnet\sdk\8.0.419\Microsoft.Common.CurrentVersion.targets(2412,5): warning MSB3277:           Project file item includes which caused reference "C:\Program Files\dotnet\sdk\8.0.419\Microsoft\Microsoft.NET.Build.Extensions\net461\lib\System.Security.Cryptography.Csp.dll". [C:\Users\Alon-TUF\Desktop\WIP\SimpleBackup\SimpleBackup.csproj]
C:\Program Files\dotnet\sdk\8.0.419\Microsoft.Common.CurrentVersion.targets(2412,5): warning MSB3277:             System.Security.Cryptography.Csp [C:\Users\Alon-TUF\Desktop\WIP\SimpleBackup\SimpleBackup.csproj]
C:\Program Files\dotnet\sdk\8.0.419\Microsoft.Common.CurrentVersion.targets(2412,5): warning MSB3277:         C:\Program Files\dotnet\sdk\8.0.419\Microsoft\Microsoft.NET.Build.Extensions\net461\lib\System.Security.Cryptography.Encoding.dll [C:\Users\Alon-TUF\Desktop\WIP\SimpleBackup\SimpleBackup.csproj]
C:\Program Files\dotnet\sdk\8.0.419\Microsoft.Common.CurrentVersion.targets(2412,5): warning MSB3277:           Project file item includes which caused reference "C:\Program Files\dotnet\sdk\8.0.419\Microsoft\Microsoft.NET.Build.Extensions\net461\lib\System.Security.Cryptography.Encoding.dll". [C:\Users\Alon-TUF\Desktop\WIP\SimpleBackup\SimpleBackup.csproj]
C:\Program Files\dotnet\sdk\8.0.419\Microsoft.Common.CurrentVersion.targets(2412,5): warning MSB3277:             System.Security.Cryptography.Encoding [C:\Users\Alon-TUF\Desktop\WIP\SimpleBackup\SimpleBackup.csproj]
C:\Program Files\dotnet\sdk\8.0.419\Microsoft.Common.CurrentVersion.targets(2412,5): warning MSB3277:         C:\Program Files\dotnet\sdk\8.0.419\Microsoft\Microsoft.NET.Build.Extensions\net461\lib\System.Security.Cryptography.Primitives.dll [C:\Users\Alon-TUF\Desktop\WIP\SimpleBackup\SimpleBackup.csproj]
C:\Program Files\dotnet\sdk\8.0.419\Microsoft.Common.CurrentVersion.targets(2412,5): warning MSB3277:           Project file item includes which caused reference "C:\Program Files\dotnet\sdk\8.0.419\Microsoft\Microsoft.NET.Build.Extensions\net461\lib\System.Security.Cryptography.Primitives.dll". [C:\Users\Alon-TUF\Desktop\WIP\SimpleBackup\SimpleBackup.csproj]
C:\Program Files\dotnet\sdk\8.0.419\Microsoft.Common.CurrentVersion.targets(2412,5): warning MSB3277:             System.Security.Cryptography.Primitives [C:\Users\Alon-TUF\Desktop\WIP\SimpleBackup\SimpleBackup.csproj]
C:\Program Files\dotnet\sdk\8.0.419\Microsoft.Common.CurrentVersion.targets(2412,5): warning MSB3277:         C:\Program Files\dotnet\sdk\8.0.419\Microsoft\Microsoft.NET.Build.Extensions\net461\lib\System.Security.Cryptography.X509Certificates.dll [C:\Users\Alon-TUF\Desktop\WIP\SimpleBackup\SimpleBackup.csproj]
C:\Program Files\dotnet\sdk\8.0.419\Microsoft.Common.CurrentVersion.targets(2412,5): warning MSB3277:           Project file item includes which caused reference "C:\Program Files\dotnet\sdk\8.0.419\Microsoft\Microsoft.NET.Build.Extensions\net461\lib\System.Security.Cryptography.X509Certificates.dll". [C:\Users\Alon-TUF\Desktop\WIP\SimpleBackup\SimpleBackup.csproj]
C:\Program Files\dotnet\sdk\8.0.419\Microsoft.Common.CurrentVersion.targets(2412,5): warning MSB3277:             System.Security.Cryptography.X509Certificates [C:\Users\Alon-TUF\Desktop\WIP\SimpleBackup\SimpleBackup.csproj]
C:\Program Files\dotnet\sdk\8.0.419\Microsoft.Common.CurrentVersion.targets(2412,5): warning MSB3277:         C:\Program Files\dotnet\sdk\8.0.419\Microsoft\Microsoft.NET.Build.Extensions\net461\lib\System.Security.Principal.dll [C:\Users\Alon-TUF\Desktop\WIP\SimpleBackup\SimpleBackup.csproj]
C:\Program Files\dotnet\sdk\8.0.419\Microsoft.Common.CurrentVersion.targets(2412,5): warning MSB3277:           Project file item includes which caused reference "C:\Program Files\dotnet\sdk\8.0.419\Microsoft\Microsoft.NET.Build.Extensions\net461\lib\System.Security.Principal.dll". [C:\Users\Alon-TUF\Desktop\WIP\SimpleBackup\SimpleBackup.csproj]
C:\Program Files\dotnet\sdk\8.0.419\Microsoft.Common.CurrentVersion.targets(2412,5): warning MSB3277:             System.Security.Principal [C:\Users\Alon-TUF\Desktop\WIP\SimpleBackup\SimpleBackup.csproj]
C:\Program Files\dotnet\sdk\8.0.419\Microsoft.Common.CurrentVersion.targets(2412,5): warning MSB3277:             netfx.force.conflicts [C:\Users\Alon-TUF\Desktop\WIP\SimpleBackup\SimpleBackup.csproj]
C:\Program Files\dotnet\sdk\8.0.419\Microsoft.Common.CurrentVersion.targets(2412,5): warning MSB3277:         C:\Program Files\dotnet\sdk\8.0.419\Microsoft\Microsoft.NET.Build.Extensions\net461\lib\System.Text.Encoding.dll [C:\Users\Alon-TUF\Desktop\WIP\SimpleBackup\SimpleBackup.csproj]
C:\Program Files\dotnet\sdk\8.0.419\Microsoft.Common.CurrentVersion.targets(2412,5): warning MSB3277:           Project file item includes which caused reference "C:\Program Files\dotnet\sdk\8.0.419\Microsoft\Microsoft.NET.Build.Extensions\net461\lib\System.Text.Encoding.dll". [C:\Users\Alon-TUF\Desktop\WIP\SimpleBackup\SimpleBackup.csproj]
C:\Program Files\dotnet\sdk\8.0.419\Microsoft.Common.CurrentVersion.targets(2412,5): warning MSB3277:             System.Text.Encoding [C:\Users\Alon-TUF\Desktop\WIP\SimpleBackup\SimpleBackup.csproj]
C:\Program Files\dotnet\sdk\8.0.419\Microsoft.Common.CurrentVersion.targets(2412,5): warning MSB3277:             netfx.force.conflicts [C:\Users\Alon-TUF\Desktop\WIP\SimpleBackup\SimpleBackup.csproj]
C:\Program Files\dotnet\sdk\8.0.419\Microsoft.Common.CurrentVersion.targets(2412,5): warning MSB3277:         C:\Program Files\dotnet\sdk\8.0.419\Microsoft\Microsoft.NET.Build.Extensions\net461\lib\System.Text.Encoding.Extensions.dll [C:\Users\Alon-TUF\Desktop\WIP\SimpleBackup\SimpleBackup.csproj]
C:\Program Files\dotnet\sdk\8.0.419\Microsoft.Common.CurrentVersion.targets(2412,5): warning MSB3277:           Project file item includes which caused reference "C:\Program Files\dotnet\sdk\8.0.419\Microsoft\Microsoft.NET.Build.Extensions\net461\lib\System.Text.Encoding.Extensions.dll". [C:\Users\Alon-TUF\Desktop\WIP\SimpleBackup\SimpleBackup.csproj]
C:\Program Files\dotnet\sdk\8.0.419\Microsoft.Common.CurrentVersion.targets(2412,5): warning MSB3277:             System.Text.Encoding.Extensions [C:\Users\Alon-TUF\Desktop\WIP\SimpleBackup\SimpleBackup.csproj]
C:\Program Files\dotnet\sdk\8.0.419\Microsoft.Common.CurrentVersion.targets(2412,5): warning MSB3277:             netfx.force.conflicts [C:\Users\Alon-TUF\Desktop\WIP\SimpleBackup\SimpleBackup.csproj]
C:\Program Files\dotnet\sdk\8.0.419\Microsoft.Common.CurrentVersion.targets(2412,5): warning MSB3277:         C:\Program Files\dotnet\sdk\8.0.419\Microsoft\Microsoft.NET.Build.Extensions\net461\lib\System.Text.RegularExpressions.dll [C:\Users\Alon-TUF\Desktop\WIP\SimpleBackup\SimpleBackup.csproj]
C:\Program Files\dotnet\sdk\8.0.419\Microsoft.Common.CurrentVersion.targets(2412,5): warning MSB3277:           Project file item includes which caused reference "C:\Program Files\dotnet\sdk\8.0.419\Microsoft\Microsoft.NET.Build.Extensions\net461\lib\System.Text.RegularExpressions.dll". [C:\Users\Alon-TUF\Desktop\WIP\SimpleBackup\SimpleBackup.csproj]
C:\Program Files\dotnet\sdk\8.0.419\Microsoft.Common.CurrentVersion.targets(2412,5): warning MSB3277:             System.Text.RegularExpressions [C:\Users\Alon-TUF\Desktop\WIP\SimpleBackup\SimpleBackup.csproj]
C:\Program Files\dotnet\sdk\8.0.419\Microsoft.Common.CurrentVersion.targets(2412,5): warning MSB3277:             netfx.force.conflicts [C:\Users\Alon-TUF\Desktop\WIP\SimpleBackup\SimpleBackup.csproj]
C:\Program Files\dotnet\sdk\8.0.419\Microsoft.Common.CurrentVersion.targets(2412,5): warning MSB3277:         C:\Program Files\dotnet\sdk\8.0.419\Microsoft\Microsoft.NET.Build.Extensions\net461\lib\System.Threading.dll [C:\Users\Alon-TUF\Desktop\WIP\SimpleBackup\SimpleBackup.csproj]
C:\Program Files\dotnet\sdk\8.0.419\Microsoft.Common.CurrentVersion.targets(2412,5): warning MSB3277:           Project file item includes which caused reference "C:\Program Files\dotnet\sdk\8.0.419\Microsoft\Microsoft.NET.Build.Extensions\net461\lib\System.Threading.dll". [C:\Users\Alon-TUF\Desktop\WIP\SimpleBackup\SimpleBackup.csproj]
C:\Program Files\dotnet\sdk\8.0.419\Microsoft.Common.CurrentVersion.targets(2412,5): warning MSB3277:             System.Threading [C:\Users\Alon-TUF\Desktop\WIP\SimpleBackup\SimpleBackup.csproj]
C:\Program Files\dotnet\sdk\8.0.419\Microsoft.Common.CurrentVersion.targets(2412,5): warning MSB3277:             netfx.force.conflicts [C:\Users\Alon-TUF\Desktop\WIP\SimpleBackup\SimpleBackup.csproj]
C:\Program Files\dotnet\sdk\8.0.419\Microsoft.Common.CurrentVersion.targets(2412,5): warning MSB3277:         C:\Program Files\dotnet\sdk\8.0.419\Microsoft\Microsoft.NET.Build.Extensions\net461\lib\System.Threading.Tasks.dll [C:\Users\Alon-TUF\Desktop\WIP\SimpleBackup\SimpleBackup.csproj]
C:\Program Files\dotnet\sdk\8.0.419\Microsoft.Common.CurrentVersion.targets(2412,5): warning MSB3277:           Project file item includes which caused reference "C:\Program Files\dotnet\sdk\8.0.419\Microsoft\Microsoft.NET.Build.Extensions\net461\lib\System.Threading.Tasks.dll". [C:\Users\Alon-TUF\Desktop\WIP\SimpleBackup\SimpleBackup.csproj]
C:\Program Files\dotnet\sdk\8.0.419\Microsoft.Common.CurrentVersion.targets(2412,5): warning MSB3277:             System.Threading.Tasks [C:\Users\Alon-TUF\Desktop\WIP\SimpleBackup\SimpleBackup.csproj]
C:\Program Files\dotnet\sdk\8.0.419\Microsoft.Common.CurrentVersion.targets(2412,5): warning MSB3277:             netfx.force.conflicts [C:\Users\Alon-TUF\Desktop\WIP\SimpleBackup\SimpleBackup.csproj]
C:\Program Files\dotnet\sdk\8.0.419\Microsoft.Common.CurrentVersion.targets(2412,5): warning MSB3277:         C:\Program Files\dotnet\sdk\8.0.419\Microsoft\Microsoft.NET.Build.Extensions\net461\lib\System.Threading.Tasks.Parallel.dll [C:\Users\Alon-TUF\Desktop\WIP\SimpleBackup\SimpleBackup.csproj]
C:\Program Files\dotnet\sdk\8.0.419\Microsoft.Common.CurrentVersion.targets(2412,5): warning MSB3277:           Project file item includes which caused reference "C:\Program Files\dotnet\sdk\8.0.419\Microsoft\Microsoft.NET.Build.Extensions\net461\lib\System.Threading.Tasks.Parallel.dll". [C:\Users\Alon-TUF\Desktop\WIP\SimpleBackup\SimpleBackup.csproj]
C:\Program Files\dotnet\sdk\8.0.419\Microsoft.Common.CurrentVersion.targets(2412,5): warning MSB3277:             System.Threading.Tasks.Parallel [C:\Users\Alon-TUF\Desktop\WIP\SimpleBackup\SimpleBackup.csproj]
C:\Program Files\dotnet\sdk\8.0.419\Microsoft.Common.CurrentVersion.targets(2412,5): warning MSB3277:             netfx.force.conflicts [C:\Users\Alon-TUF\Desktop\WIP\SimpleBackup\SimpleBackup.csproj]
C:\Program Files\dotnet\sdk\8.0.419\Microsoft.Common.CurrentVersion.targets(2412,5): warning MSB3277:         C:\Program Files\dotnet\sdk\8.0.419\Microsoft\Microsoft.NET.Build.Extensions\net461\lib\System.Threading.Thread.dll [C:\Users\Alon-TUF\Desktop\WIP\SimpleBackup\SimpleBackup.csproj]
C:\Program Files\dotnet\sdk\8.0.419\Microsoft.Common.CurrentVersion.targets(2412,5): warning MSB3277:           Project file item includes which caused reference "C:\Program Files\dotnet\sdk\8.0.419\Microsoft\Microsoft.NET.Build.Extensions\net461\lib\System.Threading.Thread.dll". [C:\Users\Alon-TUF\Desktop\WIP\SimpleBackup\SimpleBackup.csproj]
C:\Program Files\dotnet\sdk\8.0.419\Microsoft.Common.CurrentVersion.targets(2412,5): warning MSB3277:             System.Threading.Thread [C:\Users\Alon-TUF\Desktop\WIP\SimpleBackup\SimpleBackup.csproj]
C:\Program Files\dotnet\sdk\8.0.419\Microsoft.Common.CurrentVersion.targets(2412,5): warning MSB3277:         C:\Program Files\dotnet\sdk\8.0.419\Microsoft\Microsoft.NET.Build.Extensions\net461\lib\System.Threading.ThreadPool.dll [C:\Users\Alon-TUF\Desktop\WIP\SimpleBackup\SimpleBackup.csproj]
C:\Program Files\dotnet\sdk\8.0.419\Microsoft.Common.CurrentVersion.targets(2412,5): warning MSB3277:           Project file item includes which caused reference "C:\Program Files\dotnet\sdk\8.0.419\Microsoft\Microsoft.NET.Build.Extensions\net461\lib\System.Threading.ThreadPool.dll". [C:\Users\Alon-TUF\Desktop\WIP\SimpleBackup\SimpleBackup.csproj]
C:\Program Files\dotnet\sdk\8.0.419\Microsoft.Common.CurrentVersion.targets(2412,5): warning MSB3277:             System.Threading.ThreadPool [C:\Users\Alon-TUF\Desktop\WIP\SimpleBackup\SimpleBackup.csproj]
C:\Program Files\dotnet\sdk\8.0.419\Microsoft.Common.CurrentVersion.targets(2412,5): warning MSB3277:         C:\Program Files\dotnet\sdk\8.0.419\Microsoft\Microsoft.NET.Build.Extensions\net461\lib\System.Threading.Timer.dll [C:\Users\Alon-TUF\Desktop\WIP\SimpleBackup\SimpleBackup.csproj]
C:\Program Files\dotnet\sdk\8.0.419\Microsoft.Common.CurrentVersion.targets(2412,5): warning MSB3277:           Project file item includes which caused reference "C:\Program Files\dotnet\sdk\8.0.419\Microsoft\Microsoft.NET.Build.Extensions\net461\lib\System.Threading.Timer.dll". [C:\Users\Alon-TUF\Desktop\WIP\SimpleBackup\SimpleBackup.csproj]
C:\Program Files\dotnet\sdk\8.0.419\Microsoft.Common.CurrentVersion.targets(2412,5): warning MSB3277:             System.Threading.Timer [C:\Users\Alon-TUF\Desktop\WIP\SimpleBackup\SimpleBackup.csproj]
C:\Program Files\dotnet\sdk\8.0.419\Microsoft.Common.CurrentVersion.targets(2412,5): warning MSB3277:             netfx.force.conflicts [C:\Users\Alon-TUF\Desktop\WIP\SimpleBackup\SimpleBackup.csproj]
C:\Program Files\dotnet\sdk\8.0.419\Microsoft.Common.CurrentVersion.targets(2412,5): warning MSB3277:         C:\Program Files\dotnet\sdk\8.0.419\Microsoft\Microsoft.NET.Build.Extensions\net461\lib\System.Xml.ReaderWriter.dll [C:\Users\Alon-TUF\Desktop\WIP\SimpleBackup\SimpleBackup.csproj]
C:\Program Files\dotnet\sdk\8.0.419\Microsoft.Common.CurrentVersion.targets(2412,5): warning MSB3277:           Project file item includes which caused reference "C:\Program Files\dotnet\sdk\8.0.419\Microsoft\Microsoft.NET.Build.Extensions\net461\lib\System.Xml.ReaderWriter.dll". [C:\Users\Alon-TUF\Desktop\WIP\SimpleBackup\SimpleBackup.csproj]
C:\Program Files\dotnet\sdk\8.0.419\Microsoft.Common.CurrentVersion.targets(2412,5): warning MSB3277:             System.Xml.ReaderWriter [C:\Users\Alon-TUF\Desktop\WIP\SimpleBackup\SimpleBackup.csproj]
C:\Program Files\dotnet\sdk\8.0.419\Microsoft.Common.CurrentVersion.targets(2412,5): warning MSB3277:             netfx.force.conflicts [C:\Users\Alon-TUF\Desktop\WIP\SimpleBackup\SimpleBackup.csproj]
C:\Program Files\dotnet\sdk\8.0.419\Microsoft.Common.CurrentVersion.targets(2412,5): warning MSB3277:         C:\Program Files\dotnet\sdk\8.0.419\Microsoft\Microsoft.NET.Build.Extensions\net461\lib\System.Xml.XDocument.dll [C:\Users\Alon-TUF\Desktop\WIP\SimpleBackup\SimpleBackup.csproj]
C:\Program Files\dotnet\sdk\8.0.419\Microsoft.Common.CurrentVersion.targets(2412,5): warning MSB3277:           Project file item includes which caused reference "C:\Program Files\dotnet\sdk\8.0.419\Microsoft\Microsoft.NET.Build.Extensions\net461\lib\System.Xml.XDocument.dll". [C:\Users\Alon-TUF\Desktop\WIP\SimpleBackup\SimpleBackup.csproj]
C:\Program Files\dotnet\sdk\8.0.419\Microsoft.Common.CurrentVersion.targets(2412,5): warning MSB3277:             System.Xml.XDocument [C:\Users\Alon-TUF\Desktop\WIP\SimpleBackup\SimpleBackup.csproj]
C:\Program Files\dotnet\sdk\8.0.419\Microsoft.Common.CurrentVersion.targets(2412,5): warning MSB3277:             netfx.force.conflicts [C:\Users\Alon-TUF\Desktop\WIP\SimpleBackup\SimpleBackup.csproj]
C:\Program Files\dotnet\sdk\8.0.419\Microsoft.Common.CurrentVersion.targets(2412,5): warning MSB3277:         C:\Program Files\dotnet\sdk\8.0.419\Microsoft\Microsoft.NET.Build.Extensions\net461\lib\System.Xml.XmlDocument.dll [C:\Users\Alon-TUF\Desktop\WIP\SimpleBackup\SimpleBackup.csproj]
C:\Program Files\dotnet\sdk\8.0.419\Microsoft.Common.CurrentVersion.targets(2412,5): warning MSB3277:           Project file item includes which caused reference "C:\Program Files\dotnet\sdk\8.0.419\Microsoft\Microsoft.NET.Build.Extensions\net461\lib\System.Xml.XmlDocument.dll". [C:\Users\Alon-TUF\Desktop\WIP\SimpleBackup\SimpleBackup.csproj]
C:\Program Files\dotnet\sdk\8.0.419\Microsoft.Common.CurrentVersion.targets(2412,5): warning MSB3277:             System.Xml.XmlDocument [C:\Users\Alon-TUF\Desktop\WIP\SimpleBackup\SimpleBackup.csproj]
C:\Program Files\dotnet\sdk\8.0.419\Microsoft.Common.CurrentVersion.targets(2412,5): warning MSB3277:         C:\Program Files\dotnet\sdk\8.0.419\Microsoft\Microsoft.NET.Build.Extensions\net461\lib\System.Xml.XmlSerializer.dll [C:\Users\Alon-TUF\Desktop\WIP\SimpleBackup\SimpleBackup.csproj]
C:\Program Files\dotnet\sdk\8.0.419\Microsoft.Common.CurrentVersion.targets(2412,5): warning MSB3277:           Project file item includes which caused reference "C:\Program Files\dotnet\sdk\8.0.419\Microsoft\Microsoft.NET.Build.Extensions\net461\lib\System.Xml.XmlSerializer.dll". [C:\Users\Alon-TUF\Desktop\WIP\SimpleBackup\SimpleBackup.csproj]
C:\Program Files\dotnet\sdk\8.0.419\Microsoft.Common.CurrentVersion.targets(2412,5): warning MSB3277:             System.Xml.XmlSerializer [C:\Users\Alon-TUF\Desktop\WIP\SimpleBackup\SimpleBackup.csproj]
C:\Program Files\dotnet\sdk\8.0.419\Microsoft.Common.CurrentVersion.targets(2412,5): warning MSB3277:             netfx.force.conflicts [C:\Users\Alon-TUF\Desktop\WIP\SimpleBackup\SimpleBackup.csproj]
C:\Program Files\dotnet\sdk\8.0.419\Microsoft.Common.CurrentVersion.targets(2412,5): warning MSB3277:         C:\Program Files\dotnet\sdk\8.0.419\Microsoft\Microsoft.NET.Build.Extensions\net461\lib\System.Xml.XPath.dll [C:\Users\Alon-TUF\Desktop\WIP\SimpleBackup\SimpleBackup.csproj]
C:\Program Files\dotnet\sdk\8.0.419\Microsoft.Common.CurrentVersion.targets(2412,5): warning MSB3277:           Project file item includes which caused reference "C:\Program Files\dotnet\sdk\8.0.419\Microsoft\Microsoft.NET.Build.Extensions\net461\lib\System.Xml.XPath.dll". [C:\Users\Alon-TUF\Desktop\WIP\SimpleBackup\SimpleBackup.csproj]
C:\Program Files\dotnet\sdk\8.0.419\Microsoft.Common.CurrentVersion.targets(2412,5): warning MSB3277:             System.Xml.XPath [C:\Users\Alon-TUF\Desktop\WIP\SimpleBackup\SimpleBackup.csproj]
C:\Program Files\dotnet\sdk\8.0.419\Microsoft.Common.CurrentVersion.targets(2412,5): warning MSB3277:         C:\Program Files (x86)\Steam\steamapps\common\Valheim\valheim_Data\Managed\UnityEngine.PhysicsModule.dll [C:\Users\Alon-TUF\Desktop\WIP\SimpleBackup\SimpleBackup.csproj]
C:\Program Files\dotnet\sdk\8.0.419\Microsoft.Common.CurrentVersion.targets(2412,5): warning MSB3277:           Project file item includes which caused reference "C:\Program Files (x86)\Steam\steamapps\common\Valheim\valheim_Data\Managed\UnityEngine.PhysicsModule.dll". [C:\Users\Alon-TUF\Desktop\WIP\SimpleBackup\SimpleBackup.csproj]
C:\Program Files\dotnet\sdk\8.0.419\Microsoft.Common.CurrentVersion.targets(2412,5): warning MSB3277:             assembly_valheim [C:\Users\Alon-TUF\Desktop\WIP\SimpleBackup\SimpleBackup.csproj]
C:\Program Files\dotnet\sdk\8.0.419\Microsoft.Common.CurrentVersion.targets(2412,5): warning MSB3277:             UnityEngine [C:\Users\Alon-TUF\Desktop\WIP\SimpleBackup\SimpleBackup.csproj]
C:\Program Files\dotnet\sdk\8.0.419\Microsoft.Common.CurrentVersion.targets(2412,5): warning MSB3277:             UnityEngine.UI [C:\Users\Alon-TUF\Desktop\WIP\SimpleBackup\SimpleBackup.csproj]
C:\Program Files\dotnet\sdk\8.0.419\Microsoft.Common.CurrentVersion.targets(2412,5): warning MSB3277:             assembly_guiutils [C:\Users\Alon-TUF\Desktop\WIP\SimpleBackup\SimpleBackup.csproj]
C:\Program Files\dotnet\sdk\8.0.419\Microsoft.Common.CurrentVersion.targets(2412,5): warning MSB3277:         C:\Program Files (x86)\Steam\steamapps\common\Valheim\valheim_Data\Managed\UnityEngine.ParticleSystemModule.dll [C:\Users\Alon-TUF\Desktop\WIP\SimpleBackup\SimpleBackup.csproj]
C:\Program Files\dotnet\sdk\8.0.419\Microsoft.Common.CurrentVersion.targets(2412,5): warning MSB3277:           Project file item includes which caused reference "C:\Program Files (x86)\Steam\steamapps\common\Valheim\valheim_Data\Managed\UnityEngine.ParticleSystemModule.dll". [C:\Users\Alon-TUF\Desktop\WIP\SimpleBackup\SimpleBackup.csproj]
C:\Program Files\dotnet\sdk\8.0.419\Microsoft.Common.CurrentVersion.targets(2412,5): warning MSB3277:             assembly_valheim [C:\Users\Alon-TUF\Desktop\WIP\SimpleBackup\SimpleBackup.csproj]
C:\Program Files\dotnet\sdk\8.0.419\Microsoft.Common.CurrentVersion.targets(2412,5): warning MSB3277:             UnityEngine [C:\Users\Alon-TUF\Desktop\WIP\SimpleBackup\SimpleBackup.csproj]
C:\Program Files\dotnet\sdk\8.0.419\Microsoft.Common.CurrentVersion.targets(2412,5): warning MSB3277:         C:\Program Files (x86)\Steam\steamapps\common\Valheim\valheim_Data\Managed\UnityEngine.AnimationModule.dll [C:\Users\Alon-TUF\Desktop\WIP\SimpleBackup\SimpleBackup.csproj]
C:\Program Files\dotnet\sdk\8.0.419\Microsoft.Common.CurrentVersion.targets(2412,5): warning MSB3277:           Project file item includes which caused reference "C:\Program Files (x86)\Steam\steamapps\common\Valheim\valheim_Data\Managed\UnityEngine.AnimationModule.dll". [C:\Users\Alon-TUF\Desktop\WIP\SimpleBackup\SimpleBackup.csproj]
C:\Program Files\dotnet\sdk\8.0.419\Microsoft.Common.CurrentVersion.targets(2412,5): warning MSB3277:             assembly_valheim [C:\Users\Alon-TUF\Desktop\WIP\SimpleBackup\SimpleBackup.csproj]
C:\Program Files\dotnet\sdk\8.0.419\Microsoft.Common.CurrentVersion.targets(2412,5): warning MSB3277:             UnityEngine [C:\Users\Alon-TUF\Desktop\WIP\SimpleBackup\SimpleBackup.csproj]
C:\Program Files\dotnet\sdk\8.0.419\Microsoft.Common.CurrentVersion.targets(2412,5): warning MSB3277:             UnityEngine.UI [C:\Users\Alon-TUF\Desktop\WIP\SimpleBackup\SimpleBackup.csproj]
C:\Program Files\dotnet\sdk\8.0.419\Microsoft.Common.CurrentVersion.targets(2412,5): warning MSB3277:             assembly_guiutils [C:\Users\Alon-TUF\Desktop\WIP\SimpleBackup\SimpleBackup.csproj]
C:\Program Files\dotnet\sdk\8.0.419\Microsoft.Common.CurrentVersion.targets(2412,5): warning MSB3277:         C:\Program Files (x86)\Steam\steamapps\common\Valheim\valheim_Data\Managed\UnityEngine.ClothModule.dll [C:\Users\Alon-TUF\Desktop\WIP\SimpleBackup\SimpleBackup.csproj]
C:\Program Files\dotnet\sdk\8.0.419\Microsoft.Common.CurrentVersion.targets(2412,5): warning MSB3277:           Project file item includes which caused reference "C:\Program Files (x86)\Steam\steamapps\common\Valheim\valheim_Data\Managed\UnityEngine.ClothModule.dll". [C:\Users\Alon-TUF\Desktop\WIP\SimpleBackup\SimpleBackup.csproj]
C:\Program Files\dotnet\sdk\8.0.419\Microsoft.Common.CurrentVersion.targets(2412,5): warning MSB3277:             assembly_valheim [C:\Users\Alon-TUF\Desktop\WIP\SimpleBackup\SimpleBackup.csproj]
C:\Program Files\dotnet\sdk\8.0.419\Microsoft.Common.CurrentVersion.targets(2412,5): warning MSB3277:             UnityEngine [C:\Users\Alon-TUF\Desktop\WIP\SimpleBackup\SimpleBackup.csproj]
C:\Program Files\dotnet\sdk\8.0.419\Microsoft.Common.CurrentVersion.targets(2412,5): warning MSB3277:             assembly_guiutils [C:\Users\Alon-TUF\Desktop\WIP\SimpleBackup\SimpleBackup.csproj]
C:\Program Files\dotnet\sdk\8.0.419\Microsoft.Common.CurrentVersion.targets(2412,5): warning MSB3277:         C:\Program Files (x86)\Steam\steamapps\common\Valheim\valheim_Data\Managed\UnityEngine.AudioModule.dll [C:\Users\Alon-TUF\Desktop\WIP\SimpleBackup\SimpleBackup.csproj]
C:\Program Files\dotnet\sdk\8.0.419\Microsoft.Common.CurrentVersion.targets(2412,5): warning MSB3277:           Project file item includes which caused reference "C:\Program Files (x86)\Steam\steamapps\common\Valheim\valheim_Data\Managed\UnityEngine.AudioModule.dll". [C:\Users\Alon-TUF\Desktop\WIP\SimpleBackup\SimpleBackup.csproj]
C:\Program Files\dotnet\sdk\8.0.419\Microsoft.Common.CurrentVersion.targets(2412,5): warning MSB3277:             assembly_valheim [C:\Users\Alon-TUF\Desktop\WIP\SimpleBackup\SimpleBackup.csproj]
C:\Program Files\dotnet\sdk\8.0.419\Microsoft.Common.CurrentVersion.targets(2412,5): warning MSB3277:             UnityEngine [C:\Users\Alon-TUF\Desktop\WIP\SimpleBackup\SimpleBackup.csproj]
C:\Program Files\dotnet\sdk\8.0.419\Microsoft.Common.CurrentVersion.targets(2412,5): warning MSB3277:         C:\Program Files (x86)\Steam\steamapps\common\Valheim\valheim_Data\Managed\UnityEngine.UIModule.dll [C:\Users\Alon-TUF\Desktop\WIP\SimpleBackup\SimpleBackup.csproj]
C:\Program Files\dotnet\sdk\8.0.419\Microsoft.Common.CurrentVersion.targets(2412,5): warning MSB3277:           Project file item includes which caused reference "C:\Program Files (x86)\Steam\steamapps\common\Valheim\valheim_Data\Managed\UnityEngine.UIModule.dll". [C:\Users\Alon-TUF\Desktop\WIP\SimpleBackup\SimpleBackup.csproj]
C:\Program Files\dotnet\sdk\8.0.419\Microsoft.Common.CurrentVersion.targets(2412,5): warning MSB3277:             assembly_valheim [C:\Users\Alon-TUF\Desktop\WIP\SimpleBackup\SimpleBackup.csproj]
C:\Program Files\dotnet\sdk\8.0.419\Microsoft.Common.CurrentVersion.targets(2412,5): warning MSB3277:             assembly_guiutils [C:\Users\Alon-TUF\Desktop\WIP\SimpleBackup\SimpleBackup.csproj]
C:\Program Files\dotnet\sdk\8.0.419\Microsoft.Common.CurrentVersion.targets(2412,5): warning MSB3277:             UnityEngine [C:\Users\Alon-TUF\Desktop\WIP\SimpleBackup\SimpleBackup.csproj]
C:\Program Files\dotnet\sdk\8.0.419\Microsoft.Common.CurrentVersion.targets(2412,5): warning MSB3277:             UnityEngine.UI [C:\Users\Alon-TUF\Desktop\WIP\SimpleBackup\SimpleBackup.csproj]
C:\Program Files\dotnet\sdk\8.0.419\Microsoft.Common.CurrentVersion.targets(2412,5): warning MSB3277:         C:\Program Files (x86)\Steam\steamapps\common\Valheim\valheim_Data\Managed\UnityEngine.AIModule.dll [C:\Users\Alon-TUF\Desktop\WIP\SimpleBackup\SimpleBackup.csproj]
C:\Program Files\dotnet\sdk\8.0.419\Microsoft.Common.CurrentVersion.targets(2412,5): warning MSB3277:           Project file item includes which caused reference "C:\Program Files (x86)\Steam\steamapps\common\Valheim\valheim_Data\Managed\UnityEngine.AIModule.dll". [C:\Users\Alon-TUF\Desktop\WIP\SimpleBackup\SimpleBackup.csproj]
C:\Program Files\dotnet\sdk\8.0.419\Microsoft.Common.CurrentVersion.targets(2412,5): warning MSB3277:             assembly_valheim [C:\Users\Alon-TUF\Desktop\WIP\SimpleBackup\SimpleBackup.csproj]
C:\Program Files\dotnet\sdk\8.0.419\Microsoft.Common.CurrentVersion.targets(2412,5): warning MSB3277:             UnityEngine [C:\Users\Alon-TUF\Desktop\WIP\SimpleBackup\SimpleBackup.csproj]
C:\Program Files\dotnet\sdk\8.0.419\Microsoft.Common.CurrentVersion.targets(2412,5): warning MSB3277:         C:\Program Files (x86)\Steam\steamapps\common\Valheim\valheim_Data\Managed\UnityEngine.UnityWebRequestModule.dll [C:\Users\Alon-TUF\Desktop\WIP\SimpleBackup\SimpleBackup.csproj]
C:\Program Files\dotnet\sdk\8.0.419\Microsoft.Common.CurrentVersion.targets(2412,5): warning MSB3277:           Project file item includes which caused reference "C:\Program Files (x86)\Steam\steamapps\common\Valheim\valheim_Data\Managed\UnityEngine.UnityWebRequestModule.dll". [C:\Users\Alon-TUF\Desktop\WIP\SimpleBackup\SimpleBackup.csproj]
C:\Program Files\dotnet\sdk\8.0.419\Microsoft.Common.CurrentVersion.targets(2412,5): warning MSB3277:             assembly_valheim [C:\Users\Alon-TUF\Desktop\WIP\SimpleBackup\SimpleBackup.csproj]
C:\Program Files\dotnet\sdk\8.0.419\Microsoft.Common.CurrentVersion.targets(2412,5): warning MSB3277:             UnityEngine [C:\Users\Alon-TUF\Desktop\WIP\SimpleBackup\SimpleBackup.csproj]
C:\Program Files\dotnet\sdk\8.0.419\Microsoft.Common.CurrentVersion.targets(2412,5): warning MSB3277:         C:\Program Files (x86)\Steam\steamapps\common\Valheim\valheim_Data\Managed\UnityEngine.IMGUIModule.dll [C:\Users\Alon-TUF\Desktop\WIP\SimpleBackup\SimpleBackup.csproj]
C:\Program Files\dotnet\sdk\8.0.419\Microsoft.Common.CurrentVersion.targets(2412,5): warning MSB3277:           Project file item includes which caused reference "C:\Program Files (x86)\Steam\steamapps\common\Valheim\valheim_Data\Managed\UnityEngine.IMGUIModule.dll". [C:\Users\Alon-TUF\Desktop\WIP\SimpleBackup\SimpleBackup.csproj]
C:\Program Files\dotnet\sdk\8.0.419\Microsoft.Common.CurrentVersion.targets(2412,5): warning MSB3277:             assembly_valheim [C:\Users\Alon-TUF\Desktop\WIP\SimpleBackup\SimpleBackup.csproj]
C:\Program Files\dotnet\sdk\8.0.419\Microsoft.Common.CurrentVersion.targets(2412,5): warning MSB3277:             UnityEngine [C:\Users\Alon-TUF\Desktop\WIP\SimpleBackup\SimpleBackup.csproj]
C:\Program Files\dotnet\sdk\8.0.419\Microsoft.Common.CurrentVersion.targets(2412,5): warning MSB3277:             UnityEngine.UI [C:\Users\Alon-TUF\Desktop\WIP\SimpleBackup\SimpleBackup.csproj]
C:\Program Files\dotnet\sdk\8.0.419\Microsoft.Common.CurrentVersion.targets(2412,5): warning MSB3277:             assembly_guiutils [C:\Users\Alon-TUF\Desktop\WIP\SimpleBackup\SimpleBackup.csproj]
C:\Program Files\dotnet\sdk\8.0.419\Microsoft.Common.CurrentVersion.targets(2412,5): warning MSB3277:         C:\Program Files (x86)\Steam\steamapps\common\Valheim\valheim_Data\Managed\UnityEngine.ImageConversionModule.dll [C:\Users\Alon-TUF\Desktop\WIP\SimpleBackup\SimpleBackup.csproj]
C:\Program Files\dotnet\sdk\8.0.419\Microsoft.Common.CurrentVersion.targets(2412,5): warning MSB3277:           Project file item includes which caused reference "C:\Program Files (x86)\Steam\steamapps\common\Valheim\valheim_Data\Managed\UnityEngine.ImageConversionModule.dll". [C:\Users\Alon-TUF\Desktop\WIP\SimpleBackup\SimpleBackup.csproj]
C:\Program Files\dotnet\sdk\8.0.419\Microsoft.Common.CurrentVersion.targets(2412,5): warning MSB3277:             assembly_valheim [C:\Users\Alon-TUF\Desktop\WIP\SimpleBackup\SimpleBackup.csproj]
C:\Program Files\dotnet\sdk\8.0.419\Microsoft.Common.CurrentVersion.targets(2412,5): warning MSB3277:             UnityEngine [C:\Users\Alon-TUF\Desktop\WIP\SimpleBackup\SimpleBackup.csproj]
C:\Program Files\dotnet\sdk\8.0.419\Microsoft.Common.CurrentVersion.targets(2412,5): warning MSB3277:         C:\Program Files (x86)\Steam\steamapps\common\Valheim\valheim_Data\Managed\UnityEngine.ScreenCaptureModule.dll [C:\Users\Alon-TUF\Desktop\WIP\SimpleBackup\SimpleBackup.csproj]
C:\Program Files\dotnet\sdk\8.0.419\Microsoft.Common.CurrentVersion.targets(2412,5): warning MSB3277:           Project file item includes which caused reference "C:\Program Files (x86)\Steam\steamapps\common\Valheim\valheim_Data\Managed\UnityEngine.ScreenCaptureModule.dll". [C:\Users\Alon-TUF\Desktop\WIP\SimpleBackup\SimpleBackup.csproj]
C:\Program Files\dotnet\sdk\8.0.419\Microsoft.Common.CurrentVersion.targets(2412,5): warning MSB3277:             assembly_valheim [C:\Users\Alon-TUF\Desktop\WIP\SimpleBackup\SimpleBackup.csproj]
C:\Program Files\dotnet\sdk\8.0.419\Microsoft.Common.CurrentVersion.targets(2412,5): warning MSB3277:             UnityEngine [C:\Users\Alon-TUF\Desktop\WIP\SimpleBackup\SimpleBackup.csproj]
C:\Program Files\dotnet\sdk\8.0.419\Microsoft.Common.CurrentVersion.targets(2412,5): warning MSB3277:         C:\Program Files (x86)\Steam\steamapps\common\Valheim\valheim_Data\Managed\UnityEngine.UnityWebRequestTextureModule.dll [C:\Users\Alon-TUF\Desktop\WIP\SimpleBackup\SimpleBackup.csproj]
C:\Program Files\dotnet\sdk\8.0.419\Microsoft.Common.CurrentVersion.targets(2412,5): warning MSB3277:           Project file item includes which caused reference "C:\Program Files (x86)\Steam\steamapps\common\Valheim\valheim_Data\Managed\UnityEngine.UnityWebRequestTextureModule.dll". [C:\Users\Alon-TUF\Desktop\WIP\SimpleBackup\SimpleBackup.csproj]
C:\Program Files\dotnet\sdk\8.0.419\Microsoft.Common.CurrentVersion.targets(2412,5): warning MSB3277:             assembly_valheim [C:\Users\Alon-TUF\Desktop\WIP\SimpleBackup\SimpleBackup.csproj]
C:\Program Files\dotnet\sdk\8.0.419\Microsoft.Common.CurrentVersion.targets(2412,5): warning MSB3277:             UnityEngine [C:\Users\Alon-TUF\Desktop\WIP\SimpleBackup\SimpleBackup.csproj]
C:\Program Files\dotnet\sdk\8.0.419\Microsoft.Common.CurrentVersion.targets(2412,5): warning MSB3277:         C:\Program Files (x86)\Steam\steamapps\common\Valheim\valheim_Data\Managed\UnityEngine.DSPGraphModule.dll [C:\Users\Alon-TUF\Desktop\WIP\SimpleBackup\SimpleBackup.csproj]
C:\Program Files\dotnet\sdk\8.0.419\Microsoft.Common.CurrentVersion.targets(2412,5): warning MSB3277:           Project file item includes which caused reference "C:\Program Files (x86)\Steam\steamapps\common\Valheim\valheim_Data\Managed\UnityEngine.DSPGraphModule.dll". [C:\Users\Alon-TUF\Desktop\WIP\SimpleBackup\SimpleBackup.csproj]
C:\Program Files\dotnet\sdk\8.0.419\Microsoft.Common.CurrentVersion.targets(2412,5): warning MSB3277:             UnityEngine [C:\Users\Alon-TUF\Desktop\WIP\SimpleBackup\SimpleBackup.csproj]
C:\Program Files\dotnet\sdk\8.0.419\Microsoft.Common.CurrentVersion.targets(2412,5): warning MSB3277:         C:\Program Files (x86)\Steam\steamapps\common\Valheim\valheim_Data\Managed\UnityEngine.UnityCurlModule.dll [C:\Users\Alon-TUF\Desktop\WIP\SimpleBackup\SimpleBackup.csproj]
C:\Program Files\dotnet\sdk\8.0.419\Microsoft.Common.CurrentVersion.targets(2412,5): warning MSB3277:           Project file item includes which caused reference "C:\Program Files (x86)\Steam\steamapps\common\Valheim\valheim_Data\Managed\UnityEngine.UnityCurlModule.dll". [C:\Users\Alon-TUF\Desktop\WIP\SimpleBackup\SimpleBackup.csproj]
C:\Program Files\dotnet\sdk\8.0.419\Microsoft.Common.CurrentVersion.targets(2412,5): warning MSB3277:             UnityEngine [C:\Users\Alon-TUF\Desktop\WIP\SimpleBackup\SimpleBackup.csproj]
C:\Program Files\dotnet\sdk\8.0.419\Microsoft.Common.CurrentVersion.targets(2412,5): warning MSB3277:         C:\Program Files (x86)\Steam\steamapps\common\Valheim\valheim_Data\Managed\UnityEngine.HierarchyCoreModule.dll [C:\Users\Alon-TUF\Desktop\WIP\SimpleBackup\SimpleBackup.csproj]
C:\Program Files\dotnet\sdk\8.0.419\Microsoft.Common.CurrentVersion.targets(2412,5): warning MSB3277:           Project file item includes which caused reference "C:\Program Files (x86)\Steam\steamapps\common\Valheim\valheim_Data\Managed\UnityEngine.HierarchyCoreModule.dll". [C:\Users\Alon-TUF\Desktop\WIP\SimpleBackup\SimpleBackup.csproj]
C:\Program Files\dotnet\sdk\8.0.419\Microsoft.Common.CurrentVersion.targets(2412,5): warning MSB3277:             UnityEngine [C:\Users\Alon-TUF\Desktop\WIP\SimpleBackup\SimpleBackup.csproj]
C:\Program Files\dotnet\sdk\8.0.419\Microsoft.Common.CurrentVersion.targets(2412,5): warning MSB3277:             UnityEngine.UI [C:\Users\Alon-TUF\Desktop\WIP\SimpleBackup\SimpleBackup.csproj]
C:\Program Files\dotnet\sdk\8.0.419\Microsoft.Common.CurrentVersion.targets(2412,5): warning MSB3277:             assembly_valheim [C:\Users\Alon-TUF\Desktop\WIP\SimpleBackup\SimpleBackup.csproj]
C:\Program Files\dotnet\sdk\8.0.419\Microsoft.Common.CurrentVersion.targets(2412,5): warning MSB3277:             assembly_guiutils [C:\Users\Alon-TUF\Desktop\WIP\SimpleBackup\SimpleBackup.csproj]
C:\Program Files\dotnet\sdk\8.0.419\Microsoft.Common.CurrentVersion.targets(2412,5): warning MSB3277:         C:\Program Files (x86)\Steam\steamapps\common\Valheim\valheim_Data\Managed\UnityEngine.ContentLoadModule.dll [C:\Users\Alon-TUF\Desktop\WIP\SimpleBackup\SimpleBackup.csproj]
C:\Program Files\dotnet\sdk\8.0.419\Microsoft.Common.CurrentVersion.targets(2412,5): warning MSB3277:           Project file item includes which caused reference "C:\Program Files (x86)\Steam\steamapps\common\Valheim\valheim_Data\Managed\UnityEngine.ContentLoadModule.dll". [C:\Users\Alon-TUF\Desktop\WIP\SimpleBackup\SimpleBackup.csproj]
C:\Program Files\dotnet\sdk\8.0.419\Microsoft.Common.CurrentVersion.targets(2412,5): warning MSB3277:             UnityEngine [C:\Users\Alon-TUF\Desktop\WIP\SimpleBackup\SimpleBackup.csproj]
C:\Program Files\dotnet\sdk\8.0.419\Microsoft.Common.CurrentVersion.targets(2412,5): warning MSB3277:         C:\Program Files (x86)\Steam\steamapps\common\Valheim\valheim_Data\Managed\UnityEngine.PropertiesModule.dll [C:\Users\Alon-TUF\Desktop\WIP\SimpleBackup\SimpleBackup.csproj]
C:\Program Files\dotnet\sdk\8.0.419\Microsoft.Common.CurrentVersion.targets(2412,5): warning MSB3277:           Project file item includes which caused reference "C:\Program Files (x86)\Steam\steamapps\common\Valheim\valheim_Data\Managed\UnityEngine.PropertiesModule.dll". [C:\Users\Alon-TUF\Desktop\WIP\SimpleBackup\SimpleBackup.csproj]
C:\Program Files\dotnet\sdk\8.0.419\Microsoft.Common.CurrentVersion.targets(2412,5): warning MSB3277:             UnityEngine [C:\Users\Alon-TUF\Desktop\WIP\SimpleBackup\SimpleBackup.csproj]
C:\Program Files\dotnet\sdk\8.0.419\Microsoft.Common.CurrentVersion.targets(2412,5): warning MSB3277:             UnityEngine.UI [C:\Users\Alon-TUF\Desktop\WIP\SimpleBackup\SimpleBackup.csproj]
C:\Program Files\dotnet\sdk\8.0.419\Microsoft.Common.CurrentVersion.targets(2412,5): warning MSB3277:             assembly_valheim [C:\Users\Alon-TUF\Desktop\WIP\SimpleBackup\SimpleBackup.csproj]
C:\Program Files\dotnet\sdk\8.0.419\Microsoft.Common.CurrentVersion.targets(2412,5): warning MSB3277:             assembly_guiutils [C:\Users\Alon-TUF\Desktop\WIP\SimpleBackup\SimpleBackup.csproj]
C:\Program Files\dotnet\sdk\8.0.419\Microsoft.Common.CurrentVersion.targets(2412,5): warning MSB3277:         C:\Program Files (x86)\Steam\steamapps\common\Valheim\valheim_Data\Managed\UnityEngine.TLSModule.dll [C:\Users\Alon-TUF\Desktop\WIP\SimpleBackup\SimpleBackup.csproj]
C:\Program Files\dotnet\sdk\8.0.419\Microsoft.Common.CurrentVersion.targets(2412,5): warning MSB3277:           Project file item includes which caused reference "C:\Program Files (x86)\Steam\steamapps\common\Valheim\valheim_Data\Managed\UnityEngine.TLSModule.dll". [C:\Users\Alon-TUF\Desktop\WIP\SimpleBackup\SimpleBackup.csproj]
C:\Program Files\dotnet\sdk\8.0.419\Microsoft.Common.CurrentVersion.targets(2412,5): warning MSB3277:             UnityEngine [C:\Users\Alon-TUF\Desktop\WIP\SimpleBackup\SimpleBackup.csproj]
C:\Program Files\dotnet\sdk\8.0.419\Microsoft.Common.CurrentVersion.targets(2412,5): warning MSB3277:         C:\Program Files (x86)\Steam\steamapps\common\Valheim\valheim_Data\Managed\UnityEngine.UnityAnalyticsCommonModule.dll [C:\Users\Alon-TUF\Desktop\WIP\SimpleBackup\SimpleBackup.csproj]
C:\Program Files\dotnet\sdk\8.0.419\Microsoft.Common.CurrentVersion.targets(2412,5): warning MSB3277:           Project file item includes which caused reference "C:\Program Files (x86)\Steam\steamapps\common\Valheim\valheim_Data\Managed\UnityEngine.UnityAnalyticsCommonModule.dll". [C:\Users\Alon-TUF\Desktop\WIP\SimpleBackup\SimpleBackup.csproj]
C:\Program Files\dotnet\sdk\8.0.419\Microsoft.Common.CurrentVersion.targets(2412,5): warning MSB3277:             UnityEngine [C:\Users\Alon-TUF\Desktop\WIP\SimpleBackup\SimpleBackup.csproj]
C:\Program Files\dotnet\sdk\8.0.419\Microsoft.Common.CurrentVersion.targets(2412,5): warning MSB3277:         C:\Program Files (x86)\Steam\steamapps\common\Valheim\valheim_Data\Managed\UnityEngine.AndroidJNIModule.dll [C:\Users\Alon-TUF\Desktop\WIP\SimpleBackup\SimpleBackup.csproj]
C:\Program Files\dotnet\sdk\8.0.419\Microsoft.Common.CurrentVersion.targets(2412,5): warning MSB3277:           Project file item includes which caused reference "C:\Program Files (x86)\Steam\steamapps\common\Valheim\valheim_Data\Managed\UnityEngine.AndroidJNIModule.dll". [C:\Users\Alon-TUF\Desktop\WIP\SimpleBackup\SimpleBackup.csproj]
C:\Program Files\dotnet\sdk\8.0.419\Microsoft.Common.CurrentVersion.targets(2412,5): warning MSB3277:             UnityEngine [C:\Users\Alon-TUF\Desktop\WIP\SimpleBackup\SimpleBackup.csproj]
C:\Program Files\dotnet\sdk\8.0.419\Microsoft.Common.CurrentVersion.targets(2412,5): warning MSB3277:         C:\Program Files (x86)\Steam\steamapps\common\Valheim\valheim_Data\Managed\UnityEngine.MarshallingModule.dll [C:\Users\Alon-TUF\Desktop\WIP\SimpleBackup\SimpleBackup.csproj]
C:\Program Files\dotnet\sdk\8.0.419\Microsoft.Common.CurrentVersion.targets(2412,5): warning MSB3277:           Project file item includes which caused reference "C:\Program Files (x86)\Steam\steamapps\common\Valheim\valheim_Data\Managed\UnityEngine.MarshallingModule.dll". [C:\Users\Alon-TUF\Desktop\WIP\SimpleBackup\SimpleBackup.csproj]
C:\Program Files\dotnet\sdk\8.0.419\Microsoft.Common.CurrentVersion.targets(2412,5): warning MSB3277:             UnityEngine [C:\Users\Alon-TUF\Desktop\WIP\SimpleBackup\SimpleBackup.csproj]
C:\Program Files\dotnet\sdk\8.0.419\Microsoft.Common.CurrentVersion.targets(2412,5): warning MSB3277:         C:\Program Files (x86)\Steam\steamapps\common\Valheim\valheim_Data\Managed\UnityEngine.InputLegacyModule.dll [C:\Users\Alon-TUF\Desktop\WIP\SimpleBackup\SimpleBackup.csproj]
C:\Program Files\dotnet\sdk\8.0.419\Microsoft.Common.CurrentVersion.targets(2412,5): warning MSB3277:           Project file item includes which caused reference "C:\Program Files (x86)\Steam\steamapps\common\Valheim\valheim_Data\Managed\UnityEngine.InputLegacyModule.dll". [C:\Users\Alon-TUF\Desktop\WIP\SimpleBackup\SimpleBackup.csproj]
C:\Program Files\dotnet\sdk\8.0.419\Microsoft.Common.CurrentVersion.targets(2412,5): warning MSB3277:             UnityEngine [C:\Users\Alon-TUF\Desktop\WIP\SimpleBackup\SimpleBackup.csproj]
C:\Program Files\dotnet\sdk\8.0.419\Microsoft.Common.CurrentVersion.targets(2412,5): warning MSB3277:             UnityEngine.UI [C:\Users\Alon-TUF\Desktop\WIP\SimpleBackup\SimpleBackup.csproj]
C:\Program Files\dotnet\sdk\8.0.419\Microsoft.Common.CurrentVersion.targets(2412,5): warning MSB3277:             assembly_valheim [C:\Users\Alon-TUF\Desktop\WIP\SimpleBackup\SimpleBackup.csproj]
C:\Program Files\dotnet\sdk\8.0.419\Microsoft.Common.CurrentVersion.targets(2412,5): warning MSB3277:             assembly_guiutils [C:\Users\Alon-TUF\Desktop\WIP\SimpleBackup\SimpleBackup.csproj]
C:\Program Files\dotnet\sdk\8.0.419\Microsoft.Common.CurrentVersion.targets(2412,5): warning MSB3277:         C:\Program Files (x86)\Steam\steamapps\common\Valheim\valheim_Data\Managed\UnityEngine.AccessibilityModule.dll [C:\Users\Alon-TUF\Desktop\WIP\SimpleBackup\SimpleBackup.csproj]
C:\Program Files\dotnet\sdk\8.0.419\Microsoft.Common.CurrentVersion.targets(2412,5): warning MSB3277:           Project file item includes which caused reference "C:\Program Files (x86)\Steam\steamapps\common\Valheim\valheim_Data\Managed\UnityEngine.AccessibilityModule.dll". [C:\Users\Alon-TUF\Desktop\WIP\SimpleBackup\SimpleBackup.csproj]
C:\Program Files\dotnet\sdk\8.0.419\Microsoft.Common.CurrentVersion.targets(2412,5): warning MSB3277:             UnityEngine [C:\Users\Alon-TUF\Desktop\WIP\SimpleBackup\SimpleBackup.csproj]
C:\Program Files\dotnet\sdk\8.0.419\Microsoft.Common.CurrentVersion.targets(2412,5): warning MSB3277:         C:\Program Files (x86)\Steam\steamapps\common\Valheim\valheim_Data\Managed\UnityEngine.UnityConnectModule.dll [C:\Users\Alon-TUF\Desktop\WIP\SimpleBackup\SimpleBackup.csproj]
C:\Program Files\dotnet\sdk\8.0.419\Microsoft.Common.CurrentVersion.targets(2412,5): warning MSB3277:           Project file item includes which caused reference "C:\Program Files (x86)\Steam\steamapps\common\Valheim\valheim_Data\Managed\UnityEngine.UnityConnectModule.dll". [C:\Users\Alon-TUF\Desktop\WIP\SimpleBackup\SimpleBackup.csproj]
C:\Program Files\dotnet\sdk\8.0.419\Microsoft.Common.CurrentVersion.targets(2412,5): warning MSB3277:             UnityEngine [C:\Users\Alon-TUF\Desktop\WIP\SimpleBackup\SimpleBackup.csproj]
C:\Program Files\dotnet\sdk\8.0.419\Microsoft.Common.CurrentVersion.targets(2412,5): warning MSB3277:         C:\Program Files (x86)\Steam\steamapps\common\Valheim\valheim_Data\Managed\UnityEngine.AMDModule.dll [C:\Users\Alon-TUF\Desktop\WIP\SimpleBackup\SimpleBackup.csproj]
C:\Program Files\dotnet\sdk\8.0.419\Microsoft.Common.CurrentVersion.targets(2412,5): warning MSB3277:           Project file item includes which caused reference "C:\Program Files (x86)\Steam\steamapps\common\Valheim\valheim_Data\Managed\UnityEngine.AMDModule.dll". [C:\Users\Alon-TUF\Desktop\WIP\SimpleBackup\SimpleBackup.csproj]
C:\Program Files\dotnet\sdk\8.0.419\Microsoft.Common.CurrentVersion.targets(2412,5): warning MSB3277:             UnityEngine [C:\Users\Alon-TUF\Desktop\WIP\SimpleBackup\SimpleBackup.csproj]
C:\Program Files\dotnet\sdk\8.0.419\Microsoft.Common.CurrentVersion.targets(2412,5): warning MSB3277:         C:\Program Files (x86)\Steam\steamapps\common\Valheim\valheim_Data\Managed\UnityEngine.UnityAnalyticsModule.dll [C:\Users\Alon-TUF\Desktop\WIP\SimpleBackup\SimpleBackup.csproj]
C:\Program Files\dotnet\sdk\8.0.419\Microsoft.Common.CurrentVersion.targets(2412,5): warning MSB3277:           Project file item includes which caused reference "C:\Program Files (x86)\Steam\steamapps\common\Valheim\valheim_Data\Managed\UnityEngine.UnityAnalyticsModule.dll". [C:\Users\Alon-TUF\Desktop\WIP\SimpleBackup\SimpleBackup.csproj]
C:\Program Files\dotnet\sdk\8.0.419\Microsoft.Common.CurrentVersion.targets(2412,5): warning MSB3277:             UnityEngine [C:\Users\Alon-TUF\Desktop\WIP\SimpleBackup\SimpleBackup.csproj]
C:\Program Files\dotnet\sdk\8.0.419\Microsoft.Common.CurrentVersion.targets(2412,5): warning MSB3277:         C:\Program Files (x86)\Steam\steamapps\common\Valheim\valheim_Data\Managed\UnityEngine.PerformanceReportingModule.dll [C:\Users\Alon-TUF\Desktop\WIP\SimpleBackup\SimpleBackup.csproj]
C:\Program Files\dotnet\sdk\8.0.419\Microsoft.Common.CurrentVersion.targets(2412,5): warning MSB3277:           Project file item includes which caused reference "C:\Program Files (x86)\Steam\steamapps\common\Valheim\valheim_Data\Managed\UnityEngine.PerformanceReportingModule.dll". [C:\Users\Alon-TUF\Desktop\WIP\SimpleBackup\SimpleBackup.csproj]
C:\Program Files\dotnet\sdk\8.0.419\Microsoft.Common.CurrentVersion.targets(2412,5): warning MSB3277:             UnityEngine [C:\Users\Alon-TUF\Desktop\WIP\SimpleBackup\SimpleBackup.csproj]
C:\Program Files\dotnet\sdk\8.0.419\Microsoft.Common.CurrentVersion.targets(2412,5): warning MSB3277:         C:\Program Files (x86)\Steam\steamapps\common\Valheim\valheim_Data\Managed\UnityEngine.Physics2DModule.dll [C:\Users\Alon-TUF\Desktop\WIP\SimpleBackup\SimpleBackup.csproj]
C:\Program Files\dotnet\sdk\8.0.419\Microsoft.Common.CurrentVersion.targets(2412,5): warning MSB3277:           Project file item includes which caused reference "C:\Program Files (x86)\Steam\steamapps\common\Valheim\valheim_Data\Managed\UnityEngine.Physics2DModule.dll". [C:\Users\Alon-TUF\Desktop\WIP\SimpleBackup\SimpleBackup.csproj]
C:\Program Files\dotnet\sdk\8.0.419\Microsoft.Common.CurrentVersion.targets(2412,5): warning MSB3277:             UnityEngine [C:\Users\Alon-TUF\Desktop\WIP\SimpleBackup\SimpleBackup.csproj]
C:\Program Files\dotnet\sdk\8.0.419\Microsoft.Common.CurrentVersion.targets(2412,5): warning MSB3277:             UnityEngine.UI [C:\Users\Alon-TUF\Desktop\WIP\SimpleBackup\SimpleBackup.csproj]
C:\Program Files\dotnet\sdk\8.0.419\Microsoft.Common.CurrentVersion.targets(2412,5): warning MSB3277:             assembly_valheim [C:\Users\Alon-TUF\Desktop\WIP\SimpleBackup\SimpleBackup.csproj]
C:\Program Files\dotnet\sdk\8.0.419\Microsoft.Common.CurrentVersion.targets(2412,5): warning MSB3277:             assembly_guiutils [C:\Users\Alon-TUF\Desktop\WIP\SimpleBackup\SimpleBackup.csproj]
C:\Program Files\dotnet\sdk\8.0.419\Microsoft.Common.CurrentVersion.targets(2412,5): warning MSB3277:         C:\Program Files (x86)\Steam\steamapps\common\Valheim\valheim_Data\Managed\UnityEngine.AssetBundleModule.dll [C:\Users\Alon-TUF\Desktop\WIP\SimpleBackup\SimpleBackup.csproj]
C:\Program Files\dotnet\sdk\8.0.419\Microsoft.Common.CurrentVersion.targets(2412,5): warning MSB3277:           Project file item includes which caused reference "C:\Program Files (x86)\Steam\steamapps\common\Valheim\valheim_Data\Managed\UnityEngine.AssetBundleModule.dll". [C:\Users\Alon-TUF\Desktop\WIP\SimpleBackup\SimpleBackup.csproj]
C:\Program Files\dotnet\sdk\8.0.419\Microsoft.Common.CurrentVersion.targets(2412,5): warning MSB3277:             UnityEngine [C:\Users\Alon-TUF\Desktop\WIP\SimpleBackup\SimpleBackup.csproj]
C:\Program Files\dotnet\sdk\8.0.419\Microsoft.Common.CurrentVersion.targets(2412,5): warning MSB3277:             assembly_valheim [C:\Users\Alon-TUF\Desktop\WIP\SimpleBackup\SimpleBackup.csproj]
C:\Program Files\dotnet\sdk\8.0.419\Microsoft.Common.CurrentVersion.targets(2412,5): warning MSB3277:         C:\Program Files (x86)\Steam\steamapps\common\Valheim\valheim_Data\Managed\UnityEngine.SharedInternalsModule.dll [C:\Users\Alon-TUF\Desktop\WIP\SimpleBackup\SimpleBackup.csproj]
C:\Program Files\dotnet\sdk\8.0.419\Microsoft.Common.CurrentVersion.targets(2412,5): warning MSB3277:           Project file item includes which caused reference "C:\Program Files (x86)\Steam\steamapps\common\Valheim\valheim_Data\Managed\UnityEngine.SharedInternalsModule.dll". [C:\Users\Alon-TUF\Desktop\WIP\SimpleBackup\SimpleBackup.csproj]
C:\Program Files\dotnet\sdk\8.0.419\Microsoft.Common.CurrentVersion.targets(2412,5): warning MSB3277:             UnityEngine [C:\Users\Alon-TUF\Desktop\WIP\SimpleBackup\SimpleBackup.csproj]
C:\Program Files\dotnet\sdk\8.0.419\Microsoft.Common.CurrentVersion.targets(2412,5): warning MSB3277:             UnityEngine.CoreModule [C:\Users\Alon-TUF\Desktop\WIP\SimpleBackup\SimpleBackup.csproj]
C:\Program Files\dotnet\sdk\8.0.419\Microsoft.Common.CurrentVersion.targets(2412,5): warning MSB3277:             assembly_valheim [C:\Users\Alon-TUF\Desktop\WIP\SimpleBackup\SimpleBackup.csproj]
C:\Program Files\dotnet\sdk\8.0.419\Microsoft.Common.CurrentVersion.targets(2412,5): warning MSB3277:             assembly_guiutils [C:\Users\Alon-TUF\Desktop\WIP\SimpleBackup\SimpleBackup.csproj]
C:\Program Files\dotnet\sdk\8.0.419\Microsoft.Common.CurrentVersion.targets(2412,5): warning MSB3277:             UnityEngine.UI [C:\Users\Alon-TUF\Desktop\WIP\SimpleBackup\SimpleBackup.csproj]
C:\Program Files\dotnet\sdk\8.0.419\Microsoft.Common.CurrentVersion.targets(2412,5): warning MSB3277:         C:\Program Files (x86)\Steam\steamapps\common\Valheim\valheim_Data\Managed\UnityEngine.TextRenderingModule.dll [C:\Users\Alon-TUF\Desktop\WIP\SimpleBackup\SimpleBackup.csproj]
C:\Program Files\dotnet\sdk\8.0.419\Microsoft.Common.CurrentVersion.targets(2412,5): warning MSB3277:           Project file item includes which caused reference "C:\Program Files (x86)\Steam\steamapps\common\Valheim\valheim_Data\Managed\UnityEngine.TextRenderingModule.dll". [C:\Users\Alon-TUF\Desktop\WIP\SimpleBackup\SimpleBackup.csproj]
C:\Program Files\dotnet\sdk\8.0.419\Microsoft.Common.CurrentVersion.targets(2412,5): warning MSB3277:             UnityEngine [C:\Users\Alon-TUF\Desktop\WIP\SimpleBackup\SimpleBackup.csproj]
C:\Program Files\dotnet\sdk\8.0.419\Microsoft.Common.CurrentVersion.targets(2412,5): warning MSB3277:             UnityEngine.UI [C:\Users\Alon-TUF\Desktop\WIP\SimpleBackup\SimpleBackup.csproj]
C:\Program Files\dotnet\sdk\8.0.419\Microsoft.Common.CurrentVersion.targets(2412,5): warning MSB3277:             assembly_valheim [C:\Users\Alon-TUF\Desktop\WIP\SimpleBackup\SimpleBackup.csproj]
C:\Program Files\dotnet\sdk\8.0.419\Microsoft.Common.CurrentVersion.targets(2412,5): warning MSB3277:             assembly_guiutils [C:\Users\Alon-TUF\Desktop\WIP\SimpleBackup\SimpleBackup.csproj]
C:\Program Files\dotnet\sdk\8.0.419\Microsoft.Common.CurrentVersion.targets(2412,5): warning MSB3277:         C:\Program Files (x86)\Steam\steamapps\common\Valheim\valheim_Data\Managed\UnityEngine.ClusterInputModule.dll [C:\Users\Alon-TUF\Desktop\WIP\SimpleBackup\SimpleBackup.csproj]
C:\Program Files\dotnet\sdk\8.0.419\Microsoft.Common.CurrentVersion.targets(2412,5): warning MSB3277:           Project file item includes which caused reference "C:\Program Files (x86)\Steam\steamapps\common\Valheim\valheim_Data\Managed\UnityEngine.ClusterInputModule.dll". [C:\Users\Alon-TUF\Desktop\WIP\SimpleBackup\SimpleBackup.csproj]
C:\Program Files\dotnet\sdk\8.0.419\Microsoft.Common.CurrentVersion.targets(2412,5): warning MSB3277:             UnityEngine [C:\Users\Alon-TUF\Desktop\WIP\SimpleBackup\SimpleBackup.csproj]
C:\Program Files\dotnet\sdk\8.0.419\Microsoft.Common.CurrentVersion.targets(2412,5): warning MSB3277:         C:\Program Files (x86)\Steam\steamapps\common\Valheim\valheim_Data\Managed\UnityEngine.ClusterRendererModule.dll [C:\Users\Alon-TUF\Desktop\WIP\SimpleBackup\SimpleBackup.csproj]
C:\Program Files\dotnet\sdk\8.0.419\Microsoft.Common.CurrentVersion.targets(2412,5): warning MSB3277:           Project file item includes which caused reference "C:\Program Files (x86)\Steam\steamapps\common\Valheim\valheim_Data\Managed\UnityEngine.ClusterRendererModule.dll". [C:\Users\Alon-TUF\Desktop\WIP\SimpleBackup\SimpleBackup.csproj]
C:\Program Files\dotnet\sdk\8.0.419\Microsoft.Common.CurrentVersion.targets(2412,5): warning MSB3277:             UnityEngine [C:\Users\Alon-TUF\Desktop\WIP\SimpleBackup\SimpleBackup.csproj]
C:\Program Files\dotnet\sdk\8.0.419\Microsoft.Common.CurrentVersion.targets(2412,5): warning MSB3277:         C:\Program Files (x86)\Steam\steamapps\common\Valheim\valheim_Data\Managed\UnityEngine.CrashReportingModule.dll [C:\Users\Alon-TUF\Desktop\WIP\SimpleBackup\SimpleBackup.csproj]
C:\Program Files\dotnet\sdk\8.0.419\Microsoft.Common.CurrentVersion.targets(2412,5): warning MSB3277:           Project file item includes which caused reference "C:\Program Files (x86)\Steam\steamapps\common\Valheim\valheim_Data\Managed\UnityEngine.CrashReportingModule.dll". [C:\Users\Alon-TUF\Desktop\WIP\SimpleBackup\SimpleBackup.csproj]
C:\Program Files\dotnet\sdk\8.0.419\Microsoft.Common.CurrentVersion.targets(2412,5): warning MSB3277:             UnityEngine [C:\Users\Alon-TUF\Desktop\WIP\SimpleBackup\SimpleBackup.csproj]
C:\Program Files\dotnet\sdk\8.0.419\Microsoft.Common.CurrentVersion.targets(2412,5): warning MSB3277:         C:\Program Files (x86)\Steam\steamapps\common\Valheim\valheim_Data\Managed\UnityEngine.TilemapModule.dll [C:\Users\Alon-TUF\Desktop\WIP\SimpleBackup\SimpleBackup.csproj]
C:\Program Files\dotnet\sdk\8.0.419\Microsoft.Common.CurrentVersion.targets(2412,5): warning MSB3277:           Project file item includes which caused reference "C:\Program Files (x86)\Steam\steamapps\common\Valheim\valheim_Data\Managed\UnityEngine.TilemapModule.dll". [C:\Users\Alon-TUF\Desktop\WIP\SimpleBackup\SimpleBackup.csproj]
C:\Program Files\dotnet\sdk\8.0.419\Microsoft.Common.CurrentVersion.targets(2412,5): warning MSB3277:             UnityEngine [C:\Users\Alon-TUF\Desktop\WIP\SimpleBackup\SimpleBackup.csproj]
C:\Program Files\dotnet\sdk\8.0.419\Microsoft.Common.CurrentVersion.targets(2412,5): warning MSB3277:             UnityEngine.UI [C:\Users\Alon-TUF\Desktop\WIP\SimpleBackup\SimpleBackup.csproj]
C:\Program Files\dotnet\sdk\8.0.419\Microsoft.Common.CurrentVersion.targets(2412,5): warning MSB3277:             assembly_valheim [C:\Users\Alon-TUF\Desktop\WIP\SimpleBackup\SimpleBackup.csproj]
C:\Program Files\dotnet\sdk\8.0.419\Microsoft.Common.CurrentVersion.targets(2412,5): warning MSB3277:             assembly_guiutils [C:\Users\Alon-TUF\Desktop\WIP\SimpleBackup\SimpleBackup.csproj]
C:\Program Files\dotnet\sdk\8.0.419\Microsoft.Common.CurrentVersion.targets(2412,5): warning MSB3277:         C:\Program Files (x86)\Steam\steamapps\common\Valheim\valheim_Data\Managed\UnityEngine.TerrainModule.dll [C:\Users\Alon-TUF\Desktop\WIP\SimpleBackup\SimpleBackup.csproj]
C:\Program Files\dotnet\sdk\8.0.419\Microsoft.Common.CurrentVersion.targets(2412,5): warning MSB3277:           Project file item includes which caused reference "C:\Program Files (x86)\Steam\steamapps\common\Valheim\valheim_Data\Managed\UnityEngine.TerrainModule.dll". [C:\Users\Alon-TUF\Desktop\WIP\SimpleBackup\SimpleBackup.csproj]
C:\Program Files\dotnet\sdk\8.0.419\Microsoft.Common.CurrentVersion.targets(2412,5): warning MSB3277:             UnityEngine [C:\Users\Alon-TUF\Desktop\WIP\SimpleBackup\SimpleBackup.csproj]
C:\Program Files\dotnet\sdk\8.0.419\Microsoft.Common.CurrentVersion.targets(2412,5): warning MSB3277:         C:\Program Files (x86)\Steam\steamapps\common\Valheim\valheim_Data\Managed\UnityEngine.VFXModule.dll [C:\Users\Alon-TUF\Desktop\WIP\SimpleBackup\SimpleBackup.csproj]
C:\Program Files\dotnet\sdk\8.0.419\Microsoft.Common.CurrentVersion.targets(2412,5): warning MSB3277:           Project file item includes which caused reference "C:\Program Files (x86)\Steam\steamapps\common\Valheim\valheim_Data\Managed\UnityEngine.VFXModule.dll". [C:\Users\Alon-TUF\Desktop\WIP\SimpleBackup\SimpleBackup.csproj]
C:\Program Files\dotnet\sdk\8.0.419\Microsoft.Common.CurrentVersion.targets(2412,5): warning MSB3277:             UnityEngine [C:\Users\Alon-TUF\Desktop\WIP\SimpleBackup\SimpleBackup.csproj]
C:\Program Files\dotnet\sdk\8.0.419\Microsoft.Common.CurrentVersion.targets(2412,5): warning MSB3277:         C:\Program Files (x86)\Steam\steamapps\common\Valheim\valheim_Data\Managed\UnityEngine.VideoModule.dll [C:\Users\Alon-TUF\Desktop\WIP\SimpleBackup\SimpleBackup.csproj]
C:\Program Files\dotnet\sdk\8.0.419\Microsoft.Common.CurrentVersion.targets(2412,5): warning MSB3277:           Project file item includes which caused reference "C:\Program Files (x86)\Steam\steamapps\common\Valheim\valheim_Data\Managed\UnityEngine.VideoModule.dll". [C:\Users\Alon-TUF\Desktop\WIP\SimpleBackup\SimpleBackup.csproj]
C:\Program Files\dotnet\sdk\8.0.419\Microsoft.Common.CurrentVersion.targets(2412,5): warning MSB3277:             UnityEngine [C:\Users\Alon-TUF\Desktop\WIP\SimpleBackup\SimpleBackup.csproj]
C:\Program Files\dotnet\sdk\8.0.419\Microsoft.Common.CurrentVersion.targets(2412,5): warning MSB3277:         C:\Program Files (x86)\Steam\steamapps\common\Valheim\valheim_Data\Managed\UnityEngine.VRModule.dll [C:\Users\Alon-TUF\Desktop\WIP\SimpleBackup\SimpleBackup.csproj]
C:\Program Files\dotnet\sdk\8.0.419\Microsoft.Common.CurrentVersion.targets(2412,5): warning MSB3277:           Project file item includes which caused reference "C:\Program Files (x86)\Steam\steamapps\common\Valheim\valheim_Data\Managed\UnityEngine.VRModule.dll". [C:\Users\Alon-TUF\Desktop\WIP\SimpleBackup\SimpleBackup.csproj]
C:\Program Files\dotnet\sdk\8.0.419\Microsoft.Common.CurrentVersion.targets(2412,5): warning MSB3277:             UnityEngine [C:\Users\Alon-TUF\Desktop\WIP\SimpleBackup\SimpleBackup.csproj]
C:\Program Files\dotnet\sdk\8.0.419\Microsoft.Common.CurrentVersion.targets(2412,5): warning MSB3277:             assembly_valheim [C:\Users\Alon-TUF\Desktop\WIP\SimpleBackup\SimpleBackup.csproj]
C:\Program Files\dotnet\sdk\8.0.419\Microsoft.Common.CurrentVersion.targets(2412,5): warning MSB3277:             assembly_guiutils [C:\Users\Alon-TUF\Desktop\WIP\SimpleBackup\SimpleBackup.csproj]
C:\Program Files\dotnet\sdk\8.0.419\Microsoft.Common.CurrentVersion.targets(2412,5): warning MSB3277:         C:\Program Files (x86)\Steam\steamapps\common\Valheim\valheim_Data\Managed\UnityEngine.GridModule.dll [C:\Users\Alon-TUF\Desktop\WIP\SimpleBackup\SimpleBackup.csproj]
C:\Program Files\dotnet\sdk\8.0.419\Microsoft.Common.CurrentVersion.targets(2412,5): warning MSB3277:           Project file item includes which caused reference "C:\Program Files (x86)\Steam\steamapps\common\Valheim\valheim_Data\Managed\UnityEngine.GridModule.dll". [C:\Users\Alon-TUF\Desktop\WIP\SimpleBackup\SimpleBackup.csproj]
C:\Program Files\dotnet\sdk\8.0.419\Microsoft.Common.CurrentVersion.targets(2412,5): warning MSB3277:             UnityEngine [C:\Users\Alon-TUF\Desktop\WIP\SimpleBackup\SimpleBackup.csproj]
C:\Program Files\dotnet\sdk\8.0.419\Microsoft.Common.CurrentVersion.targets(2412,5): warning MSB3277:             UnityEngine.UI [C:\Users\Alon-TUF\Desktop\WIP\SimpleBackup\SimpleBackup.csproj]
C:\Program Files\dotnet\sdk\8.0.419\Microsoft.Common.CurrentVersion.targets(2412,5): warning MSB3277:             assembly_valheim [C:\Users\Alon-TUF\Desktop\WIP\SimpleBackup\SimpleBackup.csproj]
C:\Program Files\dotnet\sdk\8.0.419\Microsoft.Common.CurrentVersion.targets(2412,5): warning MSB3277:             assembly_guiutils [C:\Users\Alon-TUF\Desktop\WIP\SimpleBackup\SimpleBackup.csproj]
C:\Program Files\dotnet\sdk\8.0.419\Microsoft.Common.CurrentVersion.targets(2412,5): warning MSB3277:         C:\Program Files (x86)\Steam\steamapps\common\Valheim\valheim_Data\Managed\UnityEngine.InputForUIModule.dll [C:\Users\Alon-TUF\Desktop\WIP\SimpleBackup\SimpleBackup.csproj]
C:\Program Files\dotnet\sdk\8.0.419\Microsoft.Common.CurrentVersion.targets(2412,5): warning MSB3277:           Project file item includes which caused reference "C:\Program Files (x86)\Steam\steamapps\common\Valheim\valheim_Data\Managed\UnityEngine.InputForUIModule.dll". [C:\Users\Alon-TUF\Desktop\WIP\SimpleBackup\SimpleBackup.csproj]
C:\Program Files\dotnet\sdk\8.0.419\Microsoft.Common.CurrentVersion.targets(2412,5): warning MSB3277:             UnityEngine [C:\Users\Alon-TUF\Desktop\WIP\SimpleBackup\SimpleBackup.csproj]
C:\Program Files\dotnet\sdk\8.0.419\Microsoft.Common.CurrentVersion.targets(2412,5): warning MSB3277:             UnityEngine.UI [C:\Users\Alon-TUF\Desktop\WIP\SimpleBackup\SimpleBackup.csproj]
C:\Program Files\dotnet\sdk\8.0.419\Microsoft.Common.CurrentVersion.targets(2412,5): warning MSB3277:             assembly_valheim [C:\Users\Alon-TUF\Desktop\WIP\SimpleBackup\SimpleBackup.csproj]
C:\Program Files\dotnet\sdk\8.0.419\Microsoft.Common.CurrentVersion.targets(2412,5): warning MSB3277:             assembly_guiutils [C:\Users\Alon-TUF\Desktop\WIP\SimpleBackup\SimpleBackup.csproj]
C:\Program Files\dotnet\sdk\8.0.419\Microsoft.Common.CurrentVersion.targets(2412,5): warning MSB3277:         C:\Program Files (x86)\Steam\steamapps\common\Valheim\valheim_Data\Managed\UnityEngine.SubsystemsModule.dll [C:\Users\Alon-TUF\Desktop\WIP\SimpleBackup\SimpleBackup.csproj]
C:\Program Files\dotnet\sdk\8.0.419\Microsoft.Common.CurrentVersion.targets(2412,5): warning MSB3277:           Project file item includes which caused reference "C:\Program Files (x86)\Steam\steamapps\common\Valheim\valheim_Data\Managed\UnityEngine.SubsystemsModule.dll". [C:\Users\Alon-TUF\Desktop\WIP\SimpleBackup\SimpleBackup.csproj]
C:\Program Files\dotnet\sdk\8.0.419\Microsoft.Common.CurrentVersion.targets(2412,5): warning MSB3277:             UnityEngine [C:\Users\Alon-TUF\Desktop\WIP\SimpleBackup\SimpleBackup.csproj]
C:\Program Files\dotnet\sdk\8.0.419\Microsoft.Common.CurrentVersion.targets(2412,5): warning MSB3277:             assembly_valheim [C:\Users\Alon-TUF\Desktop\WIP\SimpleBackup\SimpleBackup.csproj]
C:\Program Files\dotnet\sdk\8.0.419\Microsoft.Common.CurrentVersion.targets(2412,5): warning MSB3277:             assembly_guiutils [C:\Users\Alon-TUF\Desktop\WIP\SimpleBackup\SimpleBackup.csproj]
C:\Program Files\dotnet\sdk\8.0.419\Microsoft.Common.CurrentVersion.targets(2412,5): warning MSB3277:         C:\Program Files (x86)\Steam\steamapps\common\Valheim\valheim_Data\Managed\UnityEngine.JSONSerializeModule.dll [C:\Users\Alon-TUF\Desktop\WIP\SimpleBackup\SimpleBackup.csproj]
C:\Program Files\dotnet\sdk\8.0.419\Microsoft.Common.CurrentVersion.targets(2412,5): warning MSB3277:           Project file item includes which caused reference "C:\Program Files (x86)\Steam\steamapps\common\Valheim\valheim_Data\Managed\UnityEngine.JSONSerializeModule.dll". [C:\Users\Alon-TUF\Desktop\WIP\SimpleBackup\SimpleBackup.csproj]
C:\Program Files\dotnet\sdk\8.0.419\Microsoft.Common.CurrentVersion.targets(2412,5): warning MSB3277:             UnityEngine [C:\Users\Alon-TUF\Desktop\WIP\SimpleBackup\SimpleBackup.csproj]
C:\Program Files\dotnet\sdk\8.0.419\Microsoft.Common.CurrentVersion.targets(2412,5): warning MSB3277:             UnityEngine.UI [C:\Users\Alon-TUF\Desktop\WIP\SimpleBackup\SimpleBackup.csproj]
C:\Program Files\dotnet\sdk\8.0.419\Microsoft.Common.CurrentVersion.targets(2412,5): warning MSB3277:             assembly_valheim [C:\Users\Alon-TUF\Desktop\WIP\SimpleBackup\SimpleBackup.csproj]
C:\Program Files\dotnet\sdk\8.0.419\Microsoft.Common.CurrentVersion.targets(2412,5): warning MSB3277:             assembly_guiutils [C:\Users\Alon-TUF\Desktop\WIP\SimpleBackup\SimpleBackup.csproj]
C:\Program Files\dotnet\sdk\8.0.419\Microsoft.Common.CurrentVersion.targets(2412,5): warning MSB3277:         C:\Program Files (x86)\Steam\steamapps\common\Valheim\valheim_Data\Managed\UnityEngine.LocalizationModule.dll [C:\Users\Alon-TUF\Desktop\WIP\SimpleBackup\SimpleBackup.csproj]
C:\Program Files\dotnet\sdk\8.0.419\Microsoft.Common.CurrentVersion.targets(2412,5): warning MSB3277:           Project file item includes which caused reference "C:\Program Files (x86)\Steam\steamapps\common\Valheim\valheim_Data\Managed\UnityEngine.LocalizationModule.dll". [C:\Users\Alon-TUF\Desktop\WIP\SimpleBackup\SimpleBackup.csproj]
C:\Program Files\dotnet\sdk\8.0.419\Microsoft.Common.CurrentVersion.targets(2412,5): warning MSB3277:             UnityEngine [C:\Users\Alon-TUF\Desktop\WIP\SimpleBackup\SimpleBackup.csproj]
C:\Program Files\dotnet\sdk\8.0.419\Microsoft.Common.CurrentVersion.targets(2412,5): warning MSB3277:         C:\Program Files (x86)\Steam\steamapps\common\Valheim\valheim_Data\Managed\UnityEngine.MultiplayerModule.dll [C:\Users\Alon-TUF\Desktop\WIP\SimpleBackup\SimpleBackup.csproj]
C:\Program Files\dotnet\sdk\8.0.419\Microsoft.Common.CurrentVersion.targets(2412,5): warning MSB3277:           Project file item includes which caused reference "C:\Program Files (x86)\Steam\steamapps\common\Valheim\valheim_Data\Managed\UnityEngine.MultiplayerModule.dll". [C:\Users\Alon-TUF\Desktop\WIP\SimpleBackup\SimpleBackup.csproj]
C:\Program Files\dotnet\sdk\8.0.419\Microsoft.Common.CurrentVersion.targets(2412,5): warning MSB3277:             UnityEngine [C:\Users\Alon-TUF\Desktop\WIP\SimpleBackup\SimpleBackup.csproj]
C:\Program Files\dotnet\sdk\8.0.419\Microsoft.Common.CurrentVersion.targets(2412,5): warning MSB3277:         C:\Program Files (x86)\Steam\steamapps\common\Valheim\valheim_Data\Managed\UnityEngine.UnityWebRequestAssetBundleModule.dll [C:\Users\Alon-TUF\Desktop\WIP\SimpleBackup\SimpleBackup.csproj]
C:\Program Files\dotnet\sdk\8.0.419\Microsoft.Common.CurrentVersion.targets(2412,5): warning MSB3277:           Project file item includes which caused reference "C:\Program Files (x86)\Steam\steamapps\common\Valheim\valheim_Data\Managed\UnityEngine.UnityWebRequestAssetBundleModule.dll". [C:\Users\Alon-TUF\Desktop\WIP\SimpleBackup\SimpleBackup.csproj]
C:\Program Files\dotnet\sdk\8.0.419\Microsoft.Common.CurrentVersion.targets(2412,5): warning MSB3277:             UnityEngine [C:\Users\Alon-TUF\Desktop\WIP\SimpleBackup\SimpleBackup.csproj]
C:\Program Files\dotnet\sdk\8.0.419\Microsoft.Common.CurrentVersion.targets(2412,5): warning MSB3277:             assembly_valheim [C:\Users\Alon-TUF\Desktop\WIP\SimpleBackup\SimpleBackup.csproj]
C:\Program Files\dotnet\sdk\8.0.419\Microsoft.Common.CurrentVersion.targets(2412,5): warning MSB3277:         C:\Program Files (x86)\Steam\steamapps\common\Valheim\valheim_Data\Managed\UnityEngine.UnityWebRequestAudioModule.dll [C:\Users\Alon-TUF\Desktop\WIP\SimpleBackup\SimpleBackup.csproj]
C:\Program Files\dotnet\sdk\8.0.419\Microsoft.Common.CurrentVersion.targets(2412,5): warning MSB3277:           Project file item includes which caused reference "C:\Program Files (x86)\Steam\steamapps\common\Valheim\valheim_Data\Managed\UnityEngine.UnityWebRequestAudioModule.dll". [C:\Users\Alon-TUF\Desktop\WIP\SimpleBackup\SimpleBackup.csproj]
C:\Program Files\dotnet\sdk\8.0.419\Microsoft.Common.CurrentVersion.targets(2412,5): warning MSB3277:             UnityEngine [C:\Users\Alon-TUF\Desktop\WIP\SimpleBackup\SimpleBackup.csproj]
C:\Program Files\dotnet\sdk\8.0.419\Microsoft.Common.CurrentVersion.targets(2412,5): warning MSB3277:         C:\Program Files (x86)\Steam\steamapps\common\Valheim\valheim_Data\Managed\UnityEngine.UnityWebRequestWWWModule.dll [C:\Users\Alon-TUF\Desktop\WIP\SimpleBackup\SimpleBackup.csproj]
C:\Program Files\dotnet\sdk\8.0.419\Microsoft.Common.CurrentVersion.targets(2412,5): warning MSB3277:           Project file item includes which caused reference "C:\Program Files (x86)\Steam\steamapps\common\Valheim\valheim_Data\Managed\UnityEngine.UnityWebRequestWWWModule.dll". [C:\Users\Alon-TUF\Desktop\WIP\SimpleBackup\SimpleBackup.csproj]
C:\Program Files\dotnet\sdk\8.0.419\Microsoft.Common.CurrentVersion.targets(2412,5): warning MSB3277:             UnityEngine [C:\Users\Alon-TUF\Desktop\WIP\SimpleBackup\SimpleBackup.csproj]
C:\Program Files\dotnet\sdk\8.0.419\Microsoft.Common.CurrentVersion.targets(2412,5): warning MSB3277:             assembly_valheim [C:\Users\Alon-TUF\Desktop\WIP\SimpleBackup\SimpleBackup.csproj]
C:\Program Files\dotnet\sdk\8.0.419\Microsoft.Common.CurrentVersion.targets(2412,5): warning MSB3277:         C:\Program Files (x86)\Steam\steamapps\common\Valheim\valheim_Data\Managed\UnityEngine.NVIDIAModule.dll [C:\Users\Alon-TUF\Desktop\WIP\SimpleBackup\SimpleBackup.csproj]
C:\Program Files\dotnet\sdk\8.0.419\Microsoft.Common.CurrentVersion.targets(2412,5): warning MSB3277:           Project file item includes which caused reference "C:\Program Files (x86)\Steam\steamapps\common\Valheim\valheim_Data\Managed\UnityEngine.NVIDIAModule.dll". [C:\Users\Alon-TUF\Desktop\WIP\SimpleBackup\SimpleBackup.csproj]
C:\Program Files\dotnet\sdk\8.0.419\Microsoft.Common.CurrentVersion.targets(2412,5): warning MSB3277:             UnityEngine [C:\Users\Alon-TUF\Desktop\WIP\SimpleBackup\SimpleBackup.csproj]
C:\Program Files\dotnet\sdk\8.0.419\Microsoft.Common.CurrentVersion.targets(2412,5): warning MSB3277:         C:\Program Files (x86)\Steam\steamapps\common\Valheim\valheim_Data\Managed\UnityEngine.DirectorModule.dll [C:\Users\Alon-TUF\Desktop\WIP\SimpleBackup\SimpleBackup.csproj]
C:\Program Files\dotnet\sdk\8.0.419\Microsoft.Common.CurrentVersion.targets(2412,5): warning MSB3277:           Project file item includes which caused reference "C:\Program Files (x86)\Steam\steamapps\common\Valheim\valheim_Data\Managed\UnityEngine.DirectorModule.dll". [C:\Users\Alon-TUF\Desktop\WIP\SimpleBackup\SimpleBackup.csproj]
C:\Program Files\dotnet\sdk\8.0.419\Microsoft.Common.CurrentVersion.targets(2412,5): warning MSB3277:             UnityEngine [C:\Users\Alon-TUF\Desktop\WIP\SimpleBackup\SimpleBackup.csproj]
C:\Program Files\dotnet\sdk\8.0.419\Microsoft.Common.CurrentVersion.targets(2412,5): warning MSB3277:         C:\Program Files (x86)\Steam\steamapps\common\Valheim\valheim_Data\Managed\UnityEngine.VirtualTexturingModule.dll [C:\Users\Alon-TUF\Desktop\WIP\SimpleBackup\SimpleBackup.csproj]
C:\Program Files\dotnet\sdk\8.0.419\Microsoft.Common.CurrentVersion.targets(2412,5): warning MSB3277:           Project file item includes which caused reference "C:\Program Files (x86)\Steam\steamapps\common\Valheim\valheim_Data\Managed\UnityEngine.VirtualTexturingModule.dll". [C:\Users\Alon-TUF\Desktop\WIP\SimpleBackup\SimpleBackup.csproj]
C:\Program Files\dotnet\sdk\8.0.419\Microsoft.Common.CurrentVersion.targets(2412,5): warning MSB3277:             UnityEngine [C:\Users\Alon-TUF\Desktop\WIP\SimpleBackup\SimpleBackup.csproj]
C:\Program Files\dotnet\sdk\8.0.419\Microsoft.Common.CurrentVersion.targets(2412,5): warning MSB3277:         C:\Program Files (x86)\Steam\steamapps\common\Valheim\valheim_Data\Managed\UnityEngine.GameCenterModule.dll [C:\Users\Alon-TUF\Desktop\WIP\SimpleBackup\SimpleBackup.csproj]
C:\Program Files\dotnet\sdk\8.0.419\Microsoft.Common.CurrentVersion.targets(2412,5): warning MSB3277:           Project file item includes which caused reference "C:\Program Files (x86)\Steam\steamapps\common\Valheim\valheim_Data\Managed\UnityEngine.GameCenterModule.dll". [C:\Users\Alon-TUF\Desktop\WIP\SimpleBackup\SimpleBackup.csproj]
C:\Program Files\dotnet\sdk\8.0.419\Microsoft.Common.CurrentVersion.targets(2412,5): warning MSB3277:             UnityEngine [C:\Users\Alon-TUF\Desktop\WIP\SimpleBackup\SimpleBackup.csproj]
C:\Program Files\dotnet\sdk\8.0.419\Microsoft.Common.CurrentVersion.targets(2412,5): warning MSB3277:         C:\Program Files (x86)\Steam\steamapps\common\Valheim\valheim_Data\Managed\UnityEngine.SpriteMaskModule.dll [C:\Users\Alon-TUF\Desktop\WIP\SimpleBackup\SimpleBackup.csproj]
C:\Program Files\dotnet\sdk\8.0.419\Microsoft.Common.CurrentVersion.targets(2412,5): warning MSB3277:           Project file item includes which caused reference "C:\Program Files (x86)\Steam\steamapps\common\Valheim\valheim_Data\Managed\UnityEngine.SpriteMaskModule.dll". [C:\Users\Alon-TUF\Desktop\WIP\SimpleBackup\SimpleBackup.csproj]
C:\Program Files\dotnet\sdk\8.0.419\Microsoft.Common.CurrentVersion.targets(2412,5): warning MSB3277:             UnityEngine [C:\Users\Alon-TUF\Desktop\WIP\SimpleBackup\SimpleBackup.csproj]
C:\Program Files\dotnet\sdk\8.0.419\Microsoft.Common.CurrentVersion.targets(2412,5): warning MSB3277:         C:\Program Files (x86)\Steam\steamapps\common\Valheim\valheim_Data\Managed\UnityEngine.StreamingModule.dll [C:\Users\Alon-TUF\Desktop\WIP\SimpleBackup\SimpleBackup.csproj]
C:\Program Files\dotnet\sdk\8.0.419\Microsoft.Common.CurrentVersion.targets(2412,5): warning MSB3277:           Project file item includes which caused reference "C:\Program Files (x86)\Steam\steamapps\common\Valheim\valheim_Data\Managed\UnityEngine.StreamingModule.dll". [C:\Users\Alon-TUF\Desktop\WIP\SimpleBackup\SimpleBackup.csproj]
C:\Program Files\dotnet\sdk\8.0.419\Microsoft.Common.CurrentVersion.targets(2412,5): warning MSB3277:             UnityEngine [C:\Users\Alon-TUF\Desktop\WIP\SimpleBackup\SimpleBackup.csproj]
C:\Program Files\dotnet\sdk\8.0.419\Microsoft.Common.CurrentVersion.targets(2412,5): warning MSB3277:         C:\Program Files (x86)\Steam\steamapps\common\Valheim\valheim_Data\Managed\UnityEngine.TerrainPhysicsModule.dll [C:\Users\Alon-TUF\Desktop\WIP\SimpleBackup\SimpleBackup.csproj]
C:\Program Files\dotnet\sdk\8.0.419\Microsoft.Common.CurrentVersion.targets(2412,5): warning MSB3277:           Project file item includes which caused reference "C:\Program Files (x86)\Steam\steamapps\common\Valheim\valheim_Data\Managed\UnityEngine.TerrainPhysicsModule.dll". [C:\Users\Alon-TUF\Desktop\WIP\SimpleBackup\SimpleBackup.csproj]
C:\Program Files\dotnet\sdk\8.0.419\Microsoft.Common.CurrentVersion.targets(2412,5): warning MSB3277:             UnityEngine [C:\Users\Alon-TUF\Desktop\WIP\SimpleBackup\SimpleBackup.csproj]
C:\Program Files\dotnet\sdk\8.0.419\Microsoft.Common.CurrentVersion.targets(2412,5): warning MSB3277:         C:\Program Files (x86)\Steam\steamapps\common\Valheim\valheim_Data\Managed\UnityEngine.TextCoreFontEngineModule.dll [C:\Users\Alon-TUF\Desktop\WIP\SimpleBackup\SimpleBackup.csproj]
C:\Program Files\dotnet\sdk\8.0.419\Microsoft.Common.CurrentVersion.targets(2412,5): warning MSB3277:           Project file item includes which caused reference "C:\Program Files (x86)\Steam\steamapps\common\Valheim\valheim_Data\Managed\UnityEngine.TextCoreFontEngineModule.dll". [C:\Users\Alon-TUF\Desktop\WIP\SimpleBackup\SimpleBackup.csproj]
C:\Program Files\dotnet\sdk\8.0.419\Microsoft.Common.CurrentVersion.targets(2412,5): warning MSB3277:             UnityEngine [C:\Users\Alon-TUF\Desktop\WIP\SimpleBackup\SimpleBackup.csproj]
C:\Program Files\dotnet\sdk\8.0.419\Microsoft.Common.CurrentVersion.targets(2412,5): warning MSB3277:             assembly_valheim [C:\Users\Alon-TUF\Desktop\WIP\SimpleBackup\SimpleBackup.csproj]
C:\Program Files\dotnet\sdk\8.0.419\Microsoft.Common.CurrentVersion.targets(2412,5): warning MSB3277:             assembly_guiutils [C:\Users\Alon-TUF\Desktop\WIP\SimpleBackup\SimpleBackup.csproj]
C:\Program Files\dotnet\sdk\8.0.419\Microsoft.Common.CurrentVersion.targets(2412,5): warning MSB3277:             UnityEngine.UI [C:\Users\Alon-TUF\Desktop\WIP\SimpleBackup\SimpleBackup.csproj]
C:\Program Files\dotnet\sdk\8.0.419\Microsoft.Common.CurrentVersion.targets(2412,5): warning MSB3277:         C:\Program Files (x86)\Steam\steamapps\common\Valheim\valheim_Data\Managed\UnityEngine.TextCoreTextEngineModule.dll [C:\Users\Alon-TUF\Desktop\WIP\SimpleBackup\SimpleBackup.csproj]
C:\Program Files\dotnet\sdk\8.0.419\Microsoft.Common.CurrentVersion.targets(2412,5): warning MSB3277:           Project file item includes which caused reference "C:\Program Files (x86)\Steam\steamapps\common\Valheim\valheim_Data\Managed\UnityEngine.TextCoreTextEngineModule.dll". [C:\Users\Alon-TUF\Desktop\WIP\SimpleBackup\SimpleBackup.csproj]
C:\Program Files\dotnet\sdk\8.0.419\Microsoft.Common.CurrentVersion.targets(2412,5): warning MSB3277:             UnityEngine [C:\Users\Alon-TUF\Desktop\WIP\SimpleBackup\SimpleBackup.csproj]
C:\Program Files\dotnet\sdk\8.0.419\Microsoft.Common.CurrentVersion.targets(2412,5): warning MSB3277:             assembly_valheim [C:\Users\Alon-TUF\Desktop\WIP\SimpleBackup\SimpleBackup.csproj]
C:\Program Files\dotnet\sdk\8.0.419\Microsoft.Common.CurrentVersion.targets(2412,5): warning MSB3277:             UnityEngine.UI [C:\Users\Alon-TUF\Desktop\WIP\SimpleBackup\SimpleBackup.csproj]
C:\Program Files\dotnet\sdk\8.0.419\Microsoft.Common.CurrentVersion.targets(2412,5): warning MSB3277:             assembly_guiutils [C:\Users\Alon-TUF\Desktop\WIP\SimpleBackup\SimpleBackup.csproj]
C:\Program Files\dotnet\sdk\8.0.419\Microsoft.Common.CurrentVersion.targets(2412,5): warning MSB3277:         C:\Program Files (x86)\Steam\steamapps\common\Valheim\valheim_Data\Managed\UnityEngine.SpriteShapeModule.dll [C:\Users\Alon-TUF\Desktop\WIP\SimpleBackup\SimpleBackup.csproj]
C:\Program Files\dotnet\sdk\8.0.419\Microsoft.Common.CurrentVersion.targets(2412,5): warning MSB3277:           Project file item includes which caused reference "C:\Program Files (x86)\Steam\steamapps\common\Valheim\valheim_Data\Managed\UnityEngine.SpriteShapeModule.dll". [C:\Users\Alon-TUF\Desktop\WIP\SimpleBackup\SimpleBackup.csproj]
C:\Program Files\dotnet\sdk\8.0.419\Microsoft.Common.CurrentVersion.targets(2412,5): warning MSB3277:             UnityEngine [C:\Users\Alon-TUF\Desktop\WIP\SimpleBackup\SimpleBackup.csproj]
C:\Program Files\dotnet\sdk\8.0.419\Microsoft.Common.CurrentVersion.targets(2412,5): warning MSB3277:             UnityEngine.UI [C:\Users\Alon-TUF\Desktop\WIP\SimpleBackup\SimpleBackup.csproj]
C:\Program Files\dotnet\sdk\8.0.419\Microsoft.Common.CurrentVersion.targets(2412,5): warning MSB3277:             assembly_valheim [C:\Users\Alon-TUF\Desktop\WIP\SimpleBackup\SimpleBackup.csproj]
C:\Program Files\dotnet\sdk\8.0.419\Microsoft.Common.CurrentVersion.targets(2412,5): warning MSB3277:             assembly_guiutils [C:\Users\Alon-TUF\Desktop\WIP\SimpleBackup\SimpleBackup.csproj]
C:\Program Files\dotnet\sdk\8.0.419\Microsoft.Common.CurrentVersion.targets(2412,5): warning MSB3277:         C:\Program Files (x86)\Steam\steamapps\common\Valheim\valheim_Data\Managed\UnityEngine.UIElementsModule.dll [C:\Users\Alon-TUF\Desktop\WIP\SimpleBackup\SimpleBackup.csproj]
C:\Program Files\dotnet\sdk\8.0.419\Microsoft.Common.CurrentVersion.targets(2412,5): warning MSB3277:           Project file item includes which caused reference "C:\Program Files (x86)\Steam\steamapps\common\Valheim\valheim_Data\Managed\UnityEngine.UIElementsModule.dll". [C:\Users\Alon-TUF\Desktop\WIP\SimpleBackup\SimpleBackup.csproj]
C:\Program Files\dotnet\sdk\8.0.419\Microsoft.Common.CurrentVersion.targets(2412,5): warning MSB3277:             UnityEngine [C:\Users\Alon-TUF\Desktop\WIP\SimpleBackup\SimpleBackup.csproj]
C:\Program Files\dotnet\sdk\8.0.419\Microsoft.Common.CurrentVersion.targets(2412,5): warning MSB3277:             UnityEngine.UI [C:\Users\Alon-TUF\Desktop\WIP\SimpleBackup\SimpleBackup.csproj]
C:\Program Files\dotnet\sdk\8.0.419\Microsoft.Common.CurrentVersion.targets(2412,5): warning MSB3277:             assembly_valheim [C:\Users\Alon-TUF\Desktop\WIP\SimpleBackup\SimpleBackup.csproj]
C:\Program Files\dotnet\sdk\8.0.419\Microsoft.Common.CurrentVersion.targets(2412,5): warning MSB3277:             assembly_guiutils [C:\Users\Alon-TUF\Desktop\WIP\SimpleBackup\SimpleBackup.csproj]
C:\Program Files\dotnet\sdk\8.0.419\Microsoft.Common.CurrentVersion.targets(2412,5): warning MSB3277:         C:\Program Files (x86)\Steam\steamapps\common\Valheim\valheim_Data\Managed\UnityEngine.VehiclesModule.dll [C:\Users\Alon-TUF\Desktop\WIP\SimpleBackup\SimpleBackup.csproj]
C:\Program Files\dotnet\sdk\8.0.419\Microsoft.Common.CurrentVersion.targets(2412,5): warning MSB3277:           Project file item includes which caused reference "C:\Program Files (x86)\Steam\steamapps\common\Valheim\valheim_Data\Managed\UnityEngine.VehiclesModule.dll". [C:\Users\Alon-TUF\Desktop\WIP\SimpleBackup\SimpleBackup.csproj]
C:\Program Files\dotnet\sdk\8.0.419\Microsoft.Common.CurrentVersion.targets(2412,5): warning MSB3277:             UnityEngine [C:\Users\Alon-TUF\Desktop\WIP\SimpleBackup\SimpleBackup.csproj]
C:\Program Files\dotnet\sdk\8.0.419\Microsoft.Common.CurrentVersion.targets(2412,5): warning MSB3277:         C:\Program Files (x86)\Steam\steamapps\common\Valheim\valheim_Data\Managed\UnityEngine.WindModule.dll [C:\Users\Alon-TUF\Desktop\WIP\SimpleBackup\SimpleBackup.csproj]
C:\Program Files\dotnet\sdk\8.0.419\Microsoft.Common.CurrentVersion.targets(2412,5): warning MSB3277:           Project file item includes which caused reference "C:\Program Files (x86)\Steam\steamapps\common\Valheim\valheim_Data\Managed\UnityEngine.WindModule.dll". [C:\Users\Alon-TUF\Desktop\WIP\SimpleBackup\SimpleBackup.csproj]
C:\Program Files\dotnet\sdk\8.0.419\Microsoft.Common.CurrentVersion.targets(2412,5): warning MSB3277:             UnityEngine [C:\Users\Alon-TUF\Desktop\WIP\SimpleBackup\SimpleBackup.csproj]
C:\Program Files\dotnet\sdk\8.0.419\Microsoft.Common.CurrentVersion.targets(2412,5): warning MSB3277:         C:\Program Files (x86)\Steam\steamapps\common\Valheim\valheim_Data\Managed\UnityEngine.XRModule.dll [C:\Users\Alon-TUF\Desktop\WIP\SimpleBackup\SimpleBackup.csproj]
C:\Program Files\dotnet\sdk\8.0.419\Microsoft.Common.CurrentVersion.targets(2412,5): warning MSB3277:           Project file item includes which caused reference "C:\Program Files (x86)\Steam\steamapps\common\Valheim\valheim_Data\Managed\UnityEngine.XRModule.dll". [C:\Users\Alon-TUF\Desktop\WIP\SimpleBackup\SimpleBackup.csproj]
C:\Program Files\dotnet\sdk\8.0.419\Microsoft.Common.CurrentVersion.targets(2412,5): warning MSB3277:             UnityEngine [C:\Users\Alon-TUF\Desktop\WIP\SimpleBackup\SimpleBackup.csproj]
C:\Program Files\dotnet\sdk\8.0.419\Microsoft.Common.CurrentVersion.targets(2412,5): warning MSB3277:             assembly_valheim [C:\Users\Alon-TUF\Desktop\WIP\SimpleBackup\SimpleBackup.csproj]
C:\Program Files\dotnet\sdk\8.0.419\Microsoft.Common.CurrentVersion.targets(2412,5): warning MSB3277:             assembly_guiutils [C:\Users\Alon-TUF\Desktop\WIP\SimpleBackup\SimpleBackup.csproj]
C:\Program Files\dotnet\sdk\8.0.419\Microsoft.Common.CurrentVersion.targets(2412,5): warning MSB3277:         C:\Program Files (x86)\Steam\steamapps\common\Valheim\valheim_Data\Managed\UnityEngine.ARModule.dll [C:\Users\Alon-TUF\Desktop\WIP\SimpleBackup\SimpleBackup.csproj]
C:\Program Files\dotnet\sdk\8.0.419\Microsoft.Common.CurrentVersion.targets(2412,5): warning MSB3277:           Project file item includes which caused reference "C:\Program Files (x86)\Steam\steamapps\common\Valheim\valheim_Data\Managed\UnityEngine.ARModule.dll". [C:\Users\Alon-TUF\Desktop\WIP\SimpleBackup\SimpleBackup.csproj]
C:\Program Files\dotnet\sdk\8.0.419\Microsoft.Common.CurrentVersion.targets(2412,5): warning MSB3277:             UnityEngine [C:\Users\Alon-TUF\Desktop\WIP\SimpleBackup\SimpleBackup.csproj]
C:\Program Files\dotnet\sdk\8.0.419\Microsoft.Common.CurrentVersion.targets(2412,5): warning MSB3277:         C:\Program Files (x86)\Steam\steamapps\common\Valheim\valheim_Data\Managed\UnityEngine.InputModule.dll [C:\Users\Alon-TUF\Desktop\WIP\SimpleBackup\SimpleBackup.csproj]
C:\Program Files\dotnet\sdk\8.0.419\Microsoft.Common.CurrentVersion.targets(2412,5): warning MSB3277:           Project file item includes which caused reference "C:\Program Files (x86)\Steam\steamapps\common\Valheim\valheim_Data\Managed\UnityEngine.InputModule.dll". [C:\Users\Alon-TUF\Desktop\WIP\SimpleBackup\SimpleBackup.csproj]
C:\Program Files\dotnet\sdk\8.0.419\Microsoft.Common.CurrentVersion.targets(2412,5): warning MSB3277:             UnityEngine [C:\Users\Alon-TUF\Desktop\WIP\SimpleBackup\SimpleBackup.csproj]
C:\Program Files\dotnet\sdk\8.0.419\Microsoft.Common.CurrentVersion.targets(2412,5): warning MSB3277:             assembly_valheim [C:\Users\Alon-TUF\Desktop\WIP\SimpleBackup\SimpleBackup.csproj]
C:\Program Files\dotnet\sdk\8.0.419\Microsoft.Common.CurrentVersion.targets(2412,5): warning MSB3277:             assembly_guiutils [C:\Users\Alon-TUF\Desktop\WIP\SimpleBackup\SimpleBackup.csproj]
C:\Users\Alon-TUF\Desktop\WIP\SimpleBackup\SimpleBackupPlugin.cs(56,53): error CS1061: 'Game' does not contain a definition for 'm_playerProfile' and no accessible extension method 'm_playerProfile' accepting a first argument of type 'Game' could be found (are you missing a using directive or an assembly reference?) [C:\Users\Alon-TUF\Desktop\WIP\SimpleBackup\SimpleBackup.csproj]
C:\Users\Alon-TUF\Desktop\WIP\SimpleBackup\UIPatches.cs(55,58): error CS1061: 'Game' does not contain a definition for 'm_playerProfile' and no accessible extension method 'm_playerProfile' accepting a first argument of type 'Game' could be found (are you missing a using directive or an assembly reference?) [C:\Users\Alon-TUF\Desktop\WIP\SimpleBackup\SimpleBackup.csproj]
C:\Users\Alon-TUF\Desktop\WIP\SimpleBackup\RestoreCommand.cs(52,54): error CS1061: 'Game' does not contain a definition for 'm_playerProfile' and no accessible extension method 'm_playerProfile' accepting a first argument of type 'Game' could be found (are you missing a using directive or an assembly reference?) [C:\Users\Alon-TUF\Desktop\WIP\SimpleBackup\SimpleBackup.csproj]
    3 Warning(s)
    3 Error(s)

Time Elapsed 00:00:01.57
